<?xml version='1.0'?>
<home version='6500' exportFlags='17' name='Levityn 2.sh3d' camera='observerCamera' selectedLevel='level-16e9273a-e77b-47cc-8403-a084eaf0826d' wallHeight='250.0'>
  <environment groundColor='00A8A8A8' skyColor='00CCE4FC' lightColor='00C0C0C0'/>
  <observerCamera attribute='observerCamera' lens='PINHOLE' x='659.98267' y='954.7911' z='161.05392' yaw='-72.3114' pitch='0.5157971' fieldOfView='2.0943952' time='1617649200315'/>
  <camera attribute='topCamera' lens='PINHOLE' x='1588.2014' y='83.35657' z='1020.7052' yaw='-80.82879' pitch='0.5057974' fieldOfView='1.0995575' time='1617624000000'/>
  <level id='level-16e9273a-e77b-47cc-8403-a084eaf0826d' name='Poziom 0' elevation='0.0' floorThickness='12.0' height='250.0' elevationIndex='0'/>
  <doorOrWindow level='level-16e9273a-e77b-47cc-8403-a084eaf0826d' catalogId='eTeks#sliderWindow126x200' name='Okno przesuwne' creator='eTeks' model='1' x='959.42883' y='391.83618' elevation='11.0' angle='1.5707964' width='200.0' depth='20.0' height='245.0' color='FF4F4F4F' modelSize='7950' movable='false' cutOutShape='M0,0 v1 h1 v-1 z' wallCutOutOnBothSides='true'/>
  <doorOrWindow level='level-16e9273a-e77b-47cc-8403-a084eaf0826d' catalogId='eTeks#sliderWindow126x200' name='Okno przesuwne' creator='eTeks' model='1' x='959.5482' y='682.52423' elevation='11.0' angle='1.5740738' width='240.0' depth='20.0' height='245.0' color='FF4F4F4F' modelSize='7950' movable='false' cutOutShape='M0,0 v1 h1 v-1 z' wallCutOutOnBothSides='true'/>
  <doorOrWindow level='level-16e9273a-e77b-47cc-8403-a084eaf0826d' catalogId='eTeks#sliderWindow126x200' name='Okno przesuwne' creator='eTeks' model='1' x='959.42883' y='1262.792' elevation='11.0' angle='1.5707964' width='160.0' depth='20.0' height='245.0' color='FF4F4F4F' modelSize='7950' movable='false' cutOutShape='M0,0 v1 h1 v-1 z' wallCutOutOnBothSides='true'/>
  <doorOrWindow level='level-16e9273a-e77b-47cc-8403-a084eaf0826d' catalogId='eTeks#sliderWindow126x200' name='Okno przesuwne' creator='eTeks' model='1' x='959.42883' y='1562.261' elevation='11.0' angle='1.5707964' width='160.0' depth='20.0' height='245.0' color='FF4F4F4F' modelSize='7950' movable='false' cutOutShape='M0,0 v1 h1 v-1 z' wallCutOutOnBothSides='true'/>
  <doorOrWindow level='level-16e9273a-e77b-47cc-8403-a084eaf0826d' catalogId='eTeks#sliderWindow126x200' name='Okno przesuwne' creator='eTeks' model='1' x='830.00696' y='1741.9456' elevation='11.0' angle='3.1415925' width='120.0' depth='20.0' height='245.0' color='FF4F4F4F' modelSize='7950' movable='false' cutOutShape='M0,0 v1 h1 v-1 z' wallCutOutOnBothSides='true'/>
  <doorOrWindow level='level-16e9273a-e77b-47cc-8403-a084eaf0826d' catalogId='eTeks#sliderWindow126x200' name='Okno przesuwne' creator='eTeks' model='1' x='399.21362' y='1741.9456' elevation='11.0' angle='3.1415925' width='160.0' depth='20.0' height='245.0' color='FF4F4F4F' modelSize='7950' movable='false' cutOutShape='M0,0 v1 h1 v-1 z' wallCutOutOnBothSides='true'/>
  <doorOrWindow level='level-16e9273a-e77b-47cc-8403-a084eaf0826d' catalogId='eTeks#frontDoor' name='Drzwi wejściowe' creator='eTeks' model='3' x='216.19415' y='953.96216' angle='1.7484555E-7' width='101.5' depth='9.584083' height='208.5' modelSize='24179' movable='false' cutOutShape='M0,0 v1 h1 v-1 z' wallCutOutOnBothSides='true'>
    <material name='flgrey' color='FF333333'/>
    <material name='white' color='FF333333'/>
    <material name='yellowbrt' color='FF000000'/>
  </doorOrWindow>
  <doorOrWindow level='level-16e9273a-e77b-47cc-8403-a084eaf0826d' catalogId='eTeks#door' name='Drzwi' creator='eTeks' model='5' x='389.39832' y='1311.4993' angle='4.712389' width='84.0' depth='19.334082' height='208.5' modelSize='14086' movable='false' cutOutShape='M0,0 v1 h1 v-1 z' wallCutOutOnBothSides='true'>
    <material name='white'>
      <texture name='Drewniana podłoga' creator='eTeks' width='42.5' height='42.5' scale='4.0' image='6'/>
    </material>
    <material name='yellowbrt' color='FF000000'/>
  </doorOrWindow>
  <doorOrWindow level='level-16e9273a-e77b-47cc-8403-a084eaf0826d' catalogId='eTeks#door' name='Drzwi' creator='eTeks' model='5' x='441.25864' y='1520.6691' width='94.0' depth='19.334084' height='208.5' modelMirrored='true' modelSize='14086' movable='false' cutOutShape='M0,0 v1 h1 v-1 z' wallCutOutOnBothSides='true'>
    <material name='white'>
      <texture name='Drewniana podłoga' creator='eTeks' width='42.5' height='42.5' scale='4.0' image='6'/>
    </material>
    <material name='yellowbrt' color='FF000000'/>
  </doorOrWindow>
  <doorOrWindow level='level-16e9273a-e77b-47cc-8403-a084eaf0826d' catalogId='eTeks#door' name='Drzwi' creator='eTeks' model='5' x='499.4604' y='1459.9762' angle='4.712389' width='94.0' depth='19.334084' height='208.5' modelMirrored='true' modelSize='14086' movable='false' cutOutShape='M0,0 v1 h1 v-1 z' wallCutOutOnBothSides='true'>
    <material name='white'>
      <texture name='Drewniana podłoga' creator='eTeks' width='42.5' height='42.5' scale='4.0' image='6'/>
    </material>
    <material name='yellowbrt' color='FF000000'/>
  </doorOrWindow>
  <doorOrWindow level='level-16e9273a-e77b-47cc-8403-a084eaf0826d' catalogId='eTeks#door' name='Drzwi' creator='eTeks' model='5' x='409.17908' y='441.4666' angle='1.7484555E-7' width='84.0' depth='19.334084' height='218.92502' modelMirrored='true' modelSize='14086' movable='false' cutOutShape='M0,0 v1 h1 v-1 z' wallCutOutOnBothSides='true'>
    <material name='white'>
      <texture name='Drewniana podłoga' creator='eTeks' width='42.5' height='42.5' scale='4.0' image='6'/>
    </material>
    <material name='yellowbrt' color='FF000000'/>
  </doorOrWindow>
  <doorOrWindow level='level-16e9273a-e77b-47cc-8403-a084eaf0826d' catalogId='eTeks#door' name='Drzwi' creator='eTeks' model='5' x='536.8385' y='532.2107' angle='3.1415927' width='91.5' depth='19.334082' height='208.5' modelMirrored='true' modelSize='14086' movable='false' cutOutShape='M0,0 v1 h1 v-1 z' wallCutOutOnBothSides='true'>
    <material name='white'>
      <texture name='Drewniana podłoga' creator='eTeks' width='42.5' height='42.5' scale='4.0' image='6'/>
    </material>
    <material name='yellowbrt' color='FF000000'/>
  </doorOrWindow>
  <pieceOfFurniture level='level-16e9273a-e77b-47cc-8403-a084eaf0826d' catalogId='eTeks#squareTable' name='Stolik kwadratowy' creator='eTeks' model='9' x='782.77277' y='1208.1217' width='90.0' depth='90.0' height='44.0' shininess='0.5' modelSize='3045'>
    <material name='flblonde' color='FF000000'/>
  </pieceOfFurniture>
  <pieceOfFurniture level='level-16e9273a-e77b-47cc-8403-a084eaf0826d' catalogId='eTeks#texturableBox' name='Szafka TV' creator='eTeks' model='11/texturableBox.obj' x='776.1078' y='1383.8501' angle='3.1415927' width='180.0' depth='39.0' height='40.0' modelSize='1661'>
    <material name='back' color='FF000000'/>
    <material name='bottom' color='FF000000'/>
    <material name='front'>
      <texture name='Drewniana podłoga' creator='eTeks' catalogId='eTeks#woodenFloor' width='42.5' height='42.5' scale='3.2' image='6'/>
    </material>
    <material name='left' color='FF000000'/>
    <material name='right' color='FF000000'/>
    <material name='top' color='FF000000'/>
  </pieceOfFurniture>
  <pieceOfFurniture level='level-16e9273a-e77b-47cc-8403-a084eaf0826d' catalogId='PeterSmolik#officeChair3' name='Fotel biurowy' creator='Peter Smolik' model='13/officeChair3.obj' x='320.01477' y='1617.6118' angle='6.021387' width='55.9' depth='56.4' height='107.0' modelSize='448819'>
    <material name='OfficeChair3_1' color='FF131313'/>
    <material name='OfficeChair3_2' color='FF3E3E3E'/>
  </pieceOfFurniture>
  <pieceOfFurniture level='level-16e9273a-e77b-47cc-8403-a084eaf0826d' catalogId='LucaPresidente#scrivania160W' name='Biurko' creator='LucaPresidente' model='15/scrivania160W.obj' x='327.57568' y='1682.6091' angle='3.1415868' width='103.0' depth='60.0' height='72.0' modelSize='21321'>
    <material name='Box34_4'>
      <texture name='Drewniana podłoga' creator='eTeks' catalogId='eTeks#woodenFloor' width='42.5' height='42.5' scale='4.0' image='6'/>
    </material>
    <material name='Loft02_1' color='FF000000'/>
  </pieceOfFurniture>
  <pieceOfFurniture level='level-16e9273a-e77b-47cc-8403-a084eaf0826d' catalogId='Geantick#souris' name='Myszka' creator='Geantick' model='17' x='312.5592' y='1670.8225' elevation='72.0' angle='2.8797882' width='6.0' depth='10.1' height='2.4' modelRotation='0 0 -1 0 1 0 1 0 0' modelSize='33060'/>
  <pieceOfFurniture level='level-16e9273a-e77b-47cc-8403-a084eaf0826d' catalogId='Jabberwalky#kommode' name='Kufer' creator='Jabberwalky' model='19/kommode.obj' x='733.91187' y='254.22038' angle='1.7484555E-7' width='180.0' depth='48.0' height='78.0' modelSize='13933'>
    <material name='Handle' color='00000000' shininess='0.3828125'/>
    <material name='Wood' shininess='0.359375'>
      <texture name='Brzoza' creator='Emmanuel Puybaret' catalogId='Puybaret#birch' width='40.0' height='80.0' image='20'/>
    </material>
  </pieceOfFurniture>
  <pieceOfFurniture level='level-16e9273a-e77b-47cc-8403-a084eaf0826d' catalogId='OlaKristianHoff#armchair_wing' name='Fotel' creator='Ola-Kristian Hoff' model='22/armchair_wing.obj' x='542.53796' y='377.4977' angle='4.712389' width='82.0' depth='96.0' height='101.0' color='FF7F0062' modelSize='43073'/>
  <pieceOfFurniture level='level-16e9273a-e77b-47cc-8403-a084eaf0826d' catalogId='RonnieTantriady#curvedWallOLEDTV' name='Zakrzywiony naścienny TV' creator='RonnieTantriady' model='24/curvedWallOLEDTV.obj' x='735.4911' y='236.70778' elevation='120.0' angle='1.7484555E-7' width='151.0' depth='13.0' height='87.0' modelSize='6012'/>
  <light level='level-16e9273a-e77b-47cc-8403-a084eaf0826d' catalogId='PeterSmolik#deskLight' name='Lampa biurkowa' creator='Peter Smolik' model='26/deskLight.obj' x='899.5828' y='242.2542' elevation='75.0' angle='1.5707964' width='23.2' depth='73.8' height='56.2' modelRotation='0 0 1 0 1 0 -1 0 0' modelSize='227873'>
    <material name='DeskLight_1' color='FF000000' shininess='0.34375'/>
  </light>
  <pieceOfFurniture level='level-16e9273a-e77b-47cc-8403-a084eaf0826d' catalogId='Puybaret#ColoredFountainFrame' name='Ramka Kolorowa Fontanna' creator='Emmanuel Puybaret' model='28/ColoredFountainFrame.obj' x='785.2958' y='529.2375' elevation='120.0' angle='3.1415927' width='120.0' depth='2.612245' height='78.20408' modelSize='33219'/>
  <pieceOfFurniture level='level-16e9273a-e77b-47cc-8403-a084eaf0826d' catalogId='eTeks#coffeeTable' name='Stolik na kawę' creator='eTeks' model='30' x='646.2037' y='499.808' angle='3.6651917' width='45.0' depth='45.0' height='44.0' modelSize='9814'>
    <material name='brzskin'>
      <texture name='Brzoza' creator='Emmanuel Puybaret' catalogId='Puybaret#birch' width='40.0' height='80.0' image='20'/>
    </material>
    <material name='grey'>
      <texture name='Brzoza' creator='Emmanuel Puybaret' catalogId='Puybaret#birch' width='40.0' height='80.0' image='20'/>
    </material>
  </pieceOfFurniture>
  <furnitureGroup level='level-16e9273a-e77b-47cc-8403-a084eaf0826d' name='Stołki' x='521.71295' y='847.1654' angle='1.5707964' width='151.24762' depth='39.76175' height='100.0'>
    <pieceOfFurniture level='level-16e9273a-e77b-47cc-8403-a084eaf0826d' catalogId='Kator Legaz#bar-stool' name='Krzesło barowe' creator='Kator Legaz' model='32/bar-stool.obj' x='520.7813' y='905.78925' angle='1.5707964' width='34.0' depth='37.898502' height='100.0' modelSize='131112'>
      <material name='Chair_vinyl' color='FF000000'/>
    </pieceOfFurniture>
    <pieceOfFurniture level='level-16e9273a-e77b-47cc-8403-a084eaf0826d' catalogId='Kator Legaz#bar-stool' name='Krzesło barowe' creator='Kator Legaz' model='32/bar-stool.obj' x='522.5938' y='847.90765' angle='1.5707964' width='34.0' depth='38.0' height='100.0' modelSize='131112'>
      <material name='Chair_vinyl' color='FF000000'/>
    </pieceOfFurniture>
    <pieceOfFurniture level='level-16e9273a-e77b-47cc-8403-a084eaf0826d' catalogId='Kator Legaz#bar-stool' name='Krzesło barowe' creator='Kator Legaz' model='32/bar-stool.obj' x='521.8848' y='788.5416' angle='1.5707964' width='34.0' depth='38.0' height='100.0' modelSize='131112'>
      <material name='Chair_vinyl' color='FF000000'/>
    </pieceOfFurniture>
  </furnitureGroup>
  <pieceOfFurniture level='level-16e9273a-e77b-47cc-8403-a084eaf0826d' catalogId='eTeks#hood' name='Okap' creator='eTeks' model='34' x='314.28775' y='707.99567' elevation='158.5' angle='4.712389' width='60.0' depth='52.600002' height='94.0' modelSize='10536'/>
  <pieceOfFurniture level='level-16e9273a-e77b-47cc-8403-a084eaf0826d' catalogId='Pastierovic#upperCabinet' name='Kuch - Górna szafka' creator='Robert Pastierovic' model='36' x='317.8164' y='872.1929' elevation='165.0' angle='4.712389' width='90.0' depth='60.0' height='80.0' modelSize='3577'>
    <material name='grey' color='FF000000' shininess='0.0'/>
    <material name='white'>
      <texture name='Drewniana podłoga' creator='eTeks' catalogId='eTeks#woodenFloor' width='42.5' height='42.5' scale='3.2' image='6'/>
    </material>
  </pieceOfFurniture>
  <pieceOfFurniture level='level-16e9273a-e77b-47cc-8403-a084eaf0826d' catalogId='Pastierovic#upperCabinet' name='Kuch - Górna szafka' creator='Robert Pastierovic' model='36' x='318.10388' y='627.8752' elevation='165.0' angle='4.712389' width='100.0' depth='60.0' height='80.0' modelSize='3577'>
    <material name='grey' color='FF000000' shininess='0.0'/>
    <material name='white'>
      <texture name='Drewniana podłoga' creator='eTeks' catalogId='eTeks#woodenFloor' width='42.5' height='42.5' scale='3.2' image='6'/>
    </material>
  </pieceOfFurniture>
  <pieceOfFurniture level='level-16e9273a-e77b-47cc-8403-a084eaf0826d' catalogId='Pastierovic#cabinet' name='Kuch - Szafka' creator='Robert Pastierovic' model='38' x='319.07782' y='887.0567' angle='4.712389' width='60.0' depth='62.0' height='86.0' modelSize='6487'>
    <material name='grey'>
      <texture name='Drewniana podłoga' creator='eTeks' catalogId='eTeks#woodenFloor' width='42.5' height='42.5' scale='3.2' image='6'/>
    </material>
    <material name='white' color='FF000000'/>
  </pieceOfFurniture>
  <pieceOfFurniture level='level-16e9273a-e77b-47cc-8403-a084eaf0826d' catalogId='Pastierovic#cabinet' name='Kuch - Zmywarka' creator='Robert Pastierovic' model='38' x='319.12408' y='767.8752' angle='4.712389' width='60.0' depth='62.0' height='86.0' modelSize='6487'>
    <material name='grey'>
      <texture name='Drewniana podłoga' creator='eTeks' catalogId='eTeks#woodenFloor' width='42.5' height='42.5' scale='3.2' image='6'/>
    </material>
    <material name='white' color='FF000000'/>
  </pieceOfFurniture>
  <pieceOfFurniture level='level-16e9273a-e77b-47cc-8403-a084eaf0826d' catalogId='Pastierovic#cabinetWithBasin' name='Kuch - szafka z umywalką' creator='Robert Pastierovic' model='40' x='319.07785' y='827.8752' angle='4.712389' width='60.0' depth='62.0' height='99.0' modelSize='21378'>
    <material name='grey'>
      <texture name='Drewniana podłoga' creator='eTeks' catalogId='eTeks#woodenFloor' width='42.5' height='42.5' scale='3.2' image='6'/>
    </material>
    <material name='white' color='FF000000'/>
  </pieceOfFurniture>
  <pieceOfFurniture level='level-16e9273a-e77b-47cc-8403-a084eaf0826d' catalogId='Pastierovic#drawers' name='Kuch - Szuflady' creator='Robert Pastierovic' model='42' x='319.10303' y='627.8752' angle='4.712389' width='100.0' depth='62.0' height='86.0' modelSize='7652'>
    <material name='grey'>
      <texture name='Drewniana podłoga' creator='eTeks' catalogId='eTeks#woodenFloor' width='42.5' height='42.5' scale='3.2' image='6'/>
    </material>
    <material name='white' color='FF000000'/>
  </pieceOfFurniture>
  <pieceOfFurniture level='level-16e9273a-e77b-47cc-8403-a084eaf0826d' catalogId='Pastierovic#upperCabinet' name='Szara górna szafka' creator='Robert Pastierovic' model='36' x='318.15063' y='707.6383' elevation='165.0' angle='4.712389' width='60.0' depth='60.0' height='80.0' modelSize='3577'>
    <material name='grey' color='FF000000' shininess='0.0'/>
    <material name='white'>
      <texture name='Drewniana podłoga' creator='eTeks' catalogId='eTeks#woodenFloor' width='42.5' height='42.5' scale='3.2' image='6'/>
    </material>
  </pieceOfFurniture>
  <pieceOfFurniture level='level-16e9273a-e77b-47cc-8403-a084eaf0826d' catalogId='Pastierovic#cabinet' name='Szara szafka' creator='Robert Pastierovic' model='38' x='477.0992' y='848.6424' angle='1.5707964' width='200.0' depth='50.0' height='110.0' modelSize='6487'>
    <material name='grey'>
      <texture name='Drewniana podłoga' creator='eTeks' catalogId='eTeks#woodenFloor' width='42.5' height='42.5' scale='3.2' image='6'/>
    </material>
    <material name='white' color='FF000000'/>
  </pieceOfFurniture>
  <pieceOfFurniture level='level-16e9273a-e77b-47cc-8403-a084eaf0826d' catalogId='RonnieTantriady#curvedWallOLEDTV' name='Zakrzywiony naścienny TV' creator='RonnieTantriady' model='24/curvedWallOLEDTV.obj' x='776.67456' y='1399.5342' elevation='90.0' angle='3.1415927' width='167.0' depth='13.903976' height='100.0' modelSize='6012'/>
  <pieceOfFurniture level='level-16e9273a-e77b-47cc-8403-a084eaf0826d' catalogId='LucaPresidente#water' name='Muszla' creator='LucaPresidente' model='44/water.obj' x='266.56366' y='1350.3857' angle='3.1415927' width='36.0' depth='55.69995' height='45.3' modelSize='913841'/>
  <pieceOfFurniture level='level-16e9273a-e77b-47cc-8403-a084eaf0826d' catalogId='LucaPresidente#doccia' name='Kabina prysznicowa' creator='LucaPresidente' model='46/doccia.obj' x='163.88579' y='1281.3422' angle='4.712389' width='180.0' depth='84.0' height='200.0' modelRotation='-1 0 0 0 1 0 0 0 -1' modelSize='152895'/>
  <pieceOfFurniture level='level-16e9273a-e77b-47cc-8403-a084eaf0826d' catalogId='Puybaret#mirror' name='Lustro' creator='Emmanuel Puybaret' model='48/mirror.obj' x='334.39853' y='1197.5648' elevation='121.0' width='90.0' depth='1.0' height='100.0' modelSize='7802'/>
  <furnitureGroup level='level-16e9273a-e77b-47cc-8403-a084eaf0826d' name='Łóżko' x='803.1063' y='1517.6672' width='238.81256' depth='209.86658' height='105.0'>
    <pieceOfFurniture level='level-16e9273a-e77b-47cc-8403-a084eaf0826d' catalogId='LucaPresidente#comodinoAzzurro' name='Niebieska szafka sypialna' creator='LucaPresidente' model='50/comodinoAzzurro.obj' x='902.5125' y='1438.1464' angle='1.4305115E-6' width='40.0' depth='48.0' height='48.0' modelSize='69091'>
      <material name='Box35_1'>
        <texture name='Drewniana podłoga' creator='eTeks' width='42.5' height='42.5' scale='4.0' image='6'/>
      </material>
      <material name='Box36_2'>
        <texture name='Drewniana podłoga' creator='eTeks' width='42.5' height='42.5' scale='4.0' image='6'/>
      </material>
      <material name='ChamferBox36_3'>
        <texture name='Drewniana podłoga' creator='eTeks' width='42.5' height='42.5' scale='4.0' image='6'/>
      </material>
      <material name='Line63_4' color='00000000'/>
    </pieceOfFurniture>
    <pieceOfFurniture level='level-16e9273a-e77b-47cc-8403-a084eaf0826d' catalogId='LucaPresidente#lettoCiliegio' name='Łóżko wiśniowe' creator='LucaPresidente' model='52/lettoCiliegio.obj' x='803.0539' y='1518.1003' angle='1.4305115E-6' width='156.0' depth='209.0' height='105.0' modelSize='100203'>
      <material name='Box35_2'>
        <texture name='Drewniana podłoga' creator='eTeks' width='42.5' height='42.5' scale='4.0' image='6'/>
      </material>
      <material name='ChamferBox01_1' color='FF000000'/>
    </pieceOfFurniture>
    <pieceOfFurniture level='level-16e9273a-e77b-47cc-8403-a084eaf0826d' catalogId='LucaPresidente#comodinoAzzurro' name='Niebieska szafka sypialna' creator='LucaPresidente' model='50/comodinoAzzurro.obj' x='703.7001' y='1436.7339' angle='1.4305115E-6' width='40.0' depth='48.0' height='48.0' modelSize='69091'>
      <material name='Box35_1'>
        <texture name='Drewniana podłoga' creator='eTeks' width='42.5' height='42.5' scale='4.0' image='6'/>
      </material>
      <material name='Box36_2'>
        <texture name='Drewniana podłoga' creator='eTeks' width='42.5' height='42.5' scale='4.0' image='6'/>
      </material>
      <material name='ChamferBox36_3'>
        <texture name='Drewniana podłoga' creator='eTeks' width='42.5' height='42.5' scale='4.0' image='6'/>
      </material>
      <material name='Line63_4' color='00000000'/>
    </pieceOfFurniture>
  </furnitureGroup>
  <pieceOfFurniture level='level-16e9273a-e77b-47cc-8403-a084eaf0826d' catalogId='eTeks#sofa2' name='Kanapa' creator='eTeks' model='54' x='169.0946' y='1643.7029' angle='4.712389' width='160.0' depth='86.5' height='88.0' modelSize='55383'/>
  <pieceOfFurniture level='level-16e9273a-e77b-47cc-8403-a084eaf0826d' catalogId='LucaPresidente#comoCiliegio' name='Kredens wiśniowy' creator='LucaPresidente' model='56/comoCiliegio.obj' x='770.724' y='565.5436' width='180.0' depth='47.4' height='71.0' modelRotation='0 0 -1 0 1 0 1 0 0' modelSize='44240'>
    <material name='Line41_1'>
      <texture name='Drewniana podłoga' creator='eTeks' catalogId='eTeks#woodenFloor' width='42.5' height='42.5' scale='4.0' image='6'/>
    </material>
  </pieceOfFurniture>
  <furnitureGroup level='level-16e9273a-e77b-47cc-8403-a084eaf0826d' name='Biokominek' x='552.0948' y='1386.7214' angle='1.5707964' width='30.000244' depth='121.399414' height='270.0'>
    <pieceOfFurniture level='level-16e9273a-e77b-47cc-8403-a084eaf0826d' catalogId='eTeks#texturableBox' name='Pudło' creator='eTeks' model='11/texturableBox.obj' x='506.39508' y='1386.7213' angle='1.5707964' width='30.0' depth='30.0' height='270.0' modelSize='1661'>
      <material name='back'>
        <texture name='Szorstki beton' creator='Scopia' catalogId='eTeksScopia#concrete-wall-2' width='100.0' height='100.0' image='59'/>
      </material>
      <material name='bottom'>
        <texture name='Szorstki beton' creator='Scopia' catalogId='eTeksScopia#concrete-wall-2' width='100.0' height='100.0' image='59'/>
      </material>
      <material name='front'>
        <texture name='Szorstki beton' creator='Scopia' catalogId='eTeksScopia#concrete-wall-2' width='100.0' height='100.0' image='59'/>
      </material>
      <material name='left'>
        <texture name='Szorstki beton' creator='Scopia' catalogId='eTeksScopia#concrete-wall-2' width='100.0' height='100.0' image='59'/>
      </material>
      <material name='right'>
        <texture name='Szorstki beton' creator='Scopia' catalogId='eTeksScopia#concrete-wall-2' width='100.0' height='100.0' image='59'/>
      </material>
      <material name='top'>
        <texture name='Szorstki beton' creator='Scopia' catalogId='eTeksScopia#concrete-wall-2' width='100.0' height='100.0' image='59'/>
      </material>
    </pieceOfFurniture>
    <pieceOfFurniture level='level-16e9273a-e77b-47cc-8403-a084eaf0826d' catalogId='eTeks#texturableBox' name='Pudło' creator='eTeks' model='11/texturableBox.obj' x='562.1639' y='1386.7216' elevation='129.6' angle='1.5707964' width='30.0' depth='100.0' height='140.40001' modelSize='1661'>
      <material name='back'>
        <texture name='Szorstki beton' creator='Scopia' catalogId='eTeksScopia#concrete-wall-2' width='100.0' height='100.0' image='59'/>
      </material>
      <material name='bottom'>
        <texture name='Szorstki beton' creator='Scopia' catalogId='eTeksScopia#concrete-wall-2' width='100.0' height='100.0' image='59'/>
      </material>
      <material name='front'>
        <texture name='Szorstki beton' creator='Scopia' catalogId='eTeksScopia#concrete-wall-2' width='100.0' height='100.0' image='59'/>
      </material>
      <material name='left'>
        <texture name='Szorstki beton' creator='Scopia' catalogId='eTeksScopia#concrete-wall-2' width='100.0' height='100.0' image='59'/>
      </material>
      <material name='right'>
        <texture name='Szorstki beton' creator='Scopia' catalogId='eTeksScopia#concrete-wall-2' width='100.0' height='100.0' image='59'/>
      </material>
      <material name='top'>
        <texture name='Szorstki beton' creator='Scopia' catalogId='eTeksScopia#concrete-wall-2' width='100.0' height='100.0' image='59'/>
      </material>
    </pieceOfFurniture>
    <pieceOfFurniture level='level-16e9273a-e77b-47cc-8403-a084eaf0826d' name='model' model='61/model.dae.obj' x='561.05585' y='1386.7214' elevation='60.480003' angle='4.712389' width='29.0' depth='98.9998' height='70.200005' modelSize='124915'/>
    <pieceOfFurniture level='level-16e9273a-e77b-47cc-8403-a084eaf0826d' catalogId='eTeks#texturableBox' name='Pudło' creator='eTeks' model='11/texturableBox.obj' x='562.7945' y='1386.7216' angle='1.5707964' width='30.0' depth='100.0' height='64.8' modelSize='1661'>
      <material name='back'>
        <texture name='Szorstki beton' creator='Scopia' catalogId='eTeksScopia#concrete-wall-2' width='100.0' height='100.0' image='59'/>
      </material>
      <material name='bottom'>
        <texture name='Szorstki beton' creator='Scopia' catalogId='eTeksScopia#concrete-wall-2' width='100.0' height='100.0' image='59'/>
      </material>
      <material name='front'>
        <texture name='Szorstki beton' creator='Scopia' catalogId='eTeksScopia#concrete-wall-2' width='100.0' height='100.0' image='59'/>
      </material>
      <material name='left'>
        <texture name='Szorstki beton' creator='Scopia' catalogId='eTeksScopia#concrete-wall-2' width='100.0' height='100.0' image='59'/>
      </material>
      <material name='right'>
        <texture name='Szorstki beton' creator='Scopia' catalogId='eTeksScopia#concrete-wall-2' width='100.0' height='100.0' image='59'/>
      </material>
      <material name='top'>
        <texture name='Szorstki beton' creator='Scopia' catalogId='eTeksScopia#concrete-wall-2' width='100.0' height='100.0' image='59'/>
      </material>
    </pieceOfFurniture>
  </furnitureGroup>
  <pieceOfFurniture level='level-16e9273a-e77b-47cc-8403-a084eaf0826d' name='Monstera' model='63/model.dae.obj' x='911.2788' y='1366.7556' width='63.0' depth='64.0' height='140.0' modelSize='9183662'>
    <material name='edge_color544231255' color='00000000'/>
    <material name='edge_color8710861255' color='00000000'/>
    <material name='edge_color886548255' color='00000000'/>
    <material name='fixture' color='FF000000'/>
    <material name='terracotta1' color='FF000000'/>
    <material name='zand1' color='FF000000'/>
    <material name='zand1_0' color='FF000000'/>
  </pieceOfFurniture>
  <furnitureGroup level='level-16e9273a-e77b-47cc-8403-a084eaf0826d' name='Światła nad bufetem' x='480.90295' y='829.8284' elevation='177.0' width='5.0' depth='155.0' height='5.0'>
    <light level='level-16e9273a-e77b-47cc-8403-a084eaf0826d' catalogId='eTeks#halogenLightSource' name='Halogenowe źródło światła' creator='eTeks' model='65' x='480.90295' y='754.8284' elevation='177.0' width='5.0' depth='5.0' height='5.0' modelSize='1286' horizontallyRotatable='false' deformable='false' texturable='false'/>
    <light level='level-16e9273a-e77b-47cc-8403-a084eaf0826d' catalogId='eTeks#halogenLightSource' name='Halogenowe źródło światła' creator='eTeks' model='65' x='480.90295' y='804.8284' elevation='177.0' width='5.0' depth='5.0' height='5.0' modelSize='1286' horizontallyRotatable='false' deformable='false' texturable='false'/>
    <light level='level-16e9273a-e77b-47cc-8403-a084eaf0826d' catalogId='eTeks#halogenLightSource' name='Halogenowe źródło światła' creator='eTeks' model='65' x='480.90295' y='854.8284' elevation='177.0' width='5.0' depth='5.0' height='5.0' modelSize='1286' horizontallyRotatable='false' deformable='false' texturable='false'/>
    <light level='level-16e9273a-e77b-47cc-8403-a084eaf0826d' catalogId='eTeks#halogenLightSource' name='Halogenowe źródło światła' creator='eTeks' model='65' x='480.90295' y='904.8284' elevation='177.0' width='5.0' depth='5.0' height='5.0' modelSize='1286' horizontallyRotatable='false' deformable='false' texturable='false'/>
  </furnitureGroup>
  <furnitureGroup level='level-16e9273a-e77b-47cc-8403-a084eaf0826d' name='Lampy nad bufetem' x='480.844' y='829.8028' elevation='175.0' width='10.0' depth='159.90002' height='75.0'>
    <pieceOfFurniture level='level-16e9273a-e77b-47cc-8403-a084eaf0826d' name='Lampa 2' model='68/model.dae.obj' x='480.844' y='754.8028' elevation='175.0' width='10.0' depth='9.900001' height='75.0' shininess='0.5' modelSize='136229'>
      <material name='edge_color000255' color='00000000'/>
      <material name='material_4' color='FF000000'/>
    </pieceOfFurniture>
    <pieceOfFurniture level='level-16e9273a-e77b-47cc-8403-a084eaf0826d' name='Lampa 2' model='68/model.dae.obj' x='480.844' y='804.8028' elevation='175.0' width='10.0' depth='9.900001' height='75.0' shininess='0.5' modelSize='136229'>
      <material name='edge_color000255' color='00000000'/>
      <material name='material_4' color='FF000000'/>
    </pieceOfFurniture>
    <pieceOfFurniture level='level-16e9273a-e77b-47cc-8403-a084eaf0826d' name='Lampa 2' model='68/model.dae.obj' x='480.844' y='854.8028' elevation='175.0' width='10.0' depth='9.900001' height='75.0' shininess='0.5' modelSize='136229'>
      <material name='edge_color000255' color='00000000'/>
      <material name='material_4' color='FF000000'/>
    </pieceOfFurniture>
    <pieceOfFurniture level='level-16e9273a-e77b-47cc-8403-a084eaf0826d' name='Lampa 2' model='68/model.dae.obj' x='480.844' y='904.8028' elevation='175.0' width='10.0' depth='9.900001' height='75.0' shininess='0.5' modelSize='136229'>
      <material name='edge_color000255' color='00000000'/>
      <material name='material_4' color='FF000000'/>
    </pieceOfFurniture>
  </furnitureGroup>
  <pieceOfFurniture level='level-16e9273a-e77b-47cc-8403-a084eaf0826d' name='lampa stołowa 1' model='70/model.dae.obj' x='775.44006' y='744.77545' elevation='148.0' angle='1.5707964' width='129.57007' depth='11.781372' height='139.8197' modelSize='2795568'>
    <material name='edge_color000255' color='00000000'/>
    <material name='edge_color1218043255' color='00000000'/>
    <material name='edge_color218222229255' color='00000000'/>
    <material name='edge_color245245245255' color='00000000'/>
    <material name='edge_color303030255' color='00000000'/>
    <material name='edge_color434343255' color='00000000'/>
    <material name='metal_corrogated_shiny' color='FF000000' shininess='0.0'/>
    <material name='metal_corrogated_shiny_1' color='FF000000' shininess='0.0'/>
    <material name='metal_corrogated_shiny_114' color='FF000000' shininess='0.0'/>
    <material name='metal_corrogated_shiny_1_118' color='FF000000' shininess='0.0'/>
  </pieceOfFurniture>
  <furnitureGroup level='level-16e9273a-e77b-47cc-8403-a084eaf0826d' name='Światła nad stołem' x='775.3291' y='745.2599' elevation='147.5' width='7.0043945' depth='124.19928' height='30.5'>
    <light level='level-16e9273a-e77b-47cc-8403-a084eaf0826d' catalogId='eTeks#lightSource' name='Białe źródło światła' creator='eTeks' model='65' x='776.0813' y='685.9103' elevation='172.0' width='5.5' depth='5.5' height='5.5' modelSize='1286' horizontallyRotatable='false' deformable='false' texturable='false'/>
    <light level='level-16e9273a-e77b-47cc-8403-a084eaf0826d' catalogId='eTeks#lightSource' name='Białe źródło światła' creator='eTeks' model='65' x='775.3269' y='710.051' elevation='152.5' width='7.0' depth='7.0' height='7.0' modelSize='1286' horizontallyRotatable='false' deformable='false' texturable='false'/>
    <light level='level-16e9273a-e77b-47cc-8403-a084eaf0826d' catalogId='eTeks#lightSource' name='Białe źródło światła' creator='eTeks' model='65' x='775.7041' y='734.569' elevation='147.5' width='6.0' depth='6.0' height='6.0' modelSize='1286' horizontallyRotatable='false' deformable='false' texturable='false'/>
    <light level='level-16e9273a-e77b-47cc-8403-a084eaf0826d' catalogId='eTeks#lightSource' name='Białe źródło światła' creator='eTeks' model='65' x='775.7041' y='756.0693' elevation='167.0' width='2.0' depth='2.0' height='2.0' modelSize='1286' horizontallyRotatable='false' deformable='false' texturable='false'/>
    <light level='level-16e9273a-e77b-47cc-8403-a084eaf0826d' catalogId='eTeks#lightSource' name='Białe źródło światła' creator='eTeks' model='65' x='775.7041' y='780.9644' elevation='175.0' width='3.0' depth='3.0' height='3.0' modelSize='1286' horizontallyRotatable='false' deformable='false' texturable='false'/>
    <light level='level-16e9273a-e77b-47cc-8403-a084eaf0826d' catalogId='eTeks#lightSource' name='Białe źródło światła' creator='eTeks' model='65' x='774.5725' y='805.85956' elevation='158.0' width='3.0' depth='3.0' height='3.0' modelSize='1286' horizontallyRotatable='false' deformable='false' texturable='false'/>
  </furnitureGroup>
  <pieceOfFurniture level='level-16e9273a-e77b-47cc-8403-a084eaf0826d' catalogId='eTeks#slidingDoors' name='Drzwi przesuwne' creator='eTeks' model='73' x='252.06506' y='1478.3612' width='258.0' depth='7.0' height='270.0' modelSize='6835' movable='false'>
    <material name='white' shininess='1.0'/>
  </pieceOfFurniture>
  <pieceOfFurniture level='level-16e9273a-e77b-47cc-8403-a084eaf0826d' catalogId='eTeks#washbasin' name='Umywalka' creator='eTeks' model='75' x='334.28705' y='1220.963' elevation='31.5' width='56.0' depth='40.0' height='90.0' modelSize='239991' movable='false'/>
  <pieceOfFurniture level='level-16e9273a-e77b-47cc-8403-a084eaf0826d' catalogId='eTeks#washbasin' name='Łaz2 - Umywalka' creator='eTeks' model='75' x='464.34723' y='389.57156' elevation='9.0' angle='1.5707964' width='50.0' depth='30.0' height='105.0' modelSize='239991'/>
  <pieceOfFurniture level='level-16e9273a-e77b-47cc-8403-a084eaf0826d' catalogId='LucaPresidente#water' name='Łaz2 - Muszla' creator='LucaPresidente' model='44/water.obj' x='428.9976' y='285.6008' width='36.0' depth='55.7' height='45.3' modelSize='913841'/>
  <pieceOfFurniture level='level-16e9273a-e77b-47cc-8403-a084eaf0826d' catalogId='OlaKristianHoff#shower_cabin' name='Łaz2 - Kabina prysznicowa' creator='Ola-Kristian Hoff' model='77/shower_cabin.obj' x='334.4465' y='303.52545' angle='4.7150292' width='90.0' depth='90.0' height='199.0' modelSize='88727'/>
  <pieceOfFurniture level='level-16e9273a-e77b-47cc-8403-a084eaf0826d' catalogId='eTeks#texturableBox' name='Łaz - Geberit' creator='eTeks' model='11/texturableBox.obj' x='266.774' y='1390.7357' angle='1.5707964' width='25.0' depth='120.0' height='120.0' modelSize='1661'>
    <material name='back'>
      <texture name='Ciemne ceramiczne kafelki' creator='Scopia' catalogId='eTeksScopia#dark-ceramic-tiles' width='100.0' height='100.0' scale='0.05' image='78'/>
    </material>
    <material name='bottom'>
      <texture name='Ciemne ceramiczne kafelki' creator='Scopia' catalogId='eTeksScopia#dark-ceramic-tiles' width='100.0' height='100.0' scale='0.05' image='78'/>
    </material>
    <material name='front'>
      <texture name='Ciemne ceramiczne kafelki' creator='Scopia' catalogId='eTeksScopia#dark-ceramic-tiles' width='100.0' height='100.0' scale='0.05' image='78'/>
    </material>
    <material name='left'>
      <texture name='Ciemne ceramiczne kafelki' creator='Scopia' catalogId='eTeksScopia#dark-ceramic-tiles' width='100.0' height='100.0' scale='0.05' image='78'/>
    </material>
    <material name='right'>
      <texture name='Ciemne ceramiczne kafelki' creator='Scopia' catalogId='eTeksScopia#dark-ceramic-tiles' width='100.0' height='100.0' scale='0.05' image='78'/>
    </material>
    <material name='top' color='FF0F0F0F'/>
  </pieceOfFurniture>
  <pieceOfFurniture level='level-16e9273a-e77b-47cc-8403-a084eaf0826d' catalogId='eTeks#texturableBox' name='Łaz - Szafka' creator='eTeks' model='11/texturableBox.obj' x='335.0319' y='1220.453' elevation='15.0' width='90.0' depth='45.0' height='70.0' modelSize='1661'>
    <material name='back'>
      <texture name='Dąb' creator='Emmanuel Puybaret' catalogId='Puybaret#oak' width='40.0' height='80.0' image='79'/>
    </material>
    <material name='bottom'>
      <texture name='Dąb' creator='Emmanuel Puybaret' catalogId='Puybaret#oak' width='40.0' height='80.0' image='79'/>
    </material>
    <material name='front'>
      <texture name='Dąb' creator='Emmanuel Puybaret' catalogId='Puybaret#oak' width='40.0' height='80.0' image='79'/>
    </material>
    <material name='left'>
      <texture name='Dąb' creator='Emmanuel Puybaret' catalogId='Puybaret#oak' width='40.0' height='80.0' image='79'/>
    </material>
    <material name='right'>
      <texture name='Dąb' creator='Emmanuel Puybaret' catalogId='Puybaret#oak' width='40.0' height='80.0' image='79'/>
    </material>
    <material name='top' color='FF1C1C1C'/>
  </pieceOfFurniture>
  <pieceOfFurniture level='level-16e9273a-e77b-47cc-8403-a084eaf0826d' catalogId='eTeks#texturableBox' name='Łaz - Słupek' creator='eTeks' model='11/texturableBox.obj' x='353.274' y='1386.4083' width='53.0' depth='35.0' height='240.0' modelSize='1661'>
    <material name='back'>
      <texture name='Dąb' creator='Emmanuel Puybaret' catalogId='Puybaret#oak' width='40.0' height='80.0' image='79'/>
    </material>
    <material name='bottom'>
      <texture name='Dąb' creator='Emmanuel Puybaret' catalogId='Puybaret#oak' width='40.0' height='80.0' image='79'/>
    </material>
    <material name='front'>
      <texture name='Dąb' creator='Emmanuel Puybaret' catalogId='Puybaret#oak' width='40.0' height='80.0' image='79'/>
    </material>
    <material name='left'>
      <texture name='Dąb' creator='Emmanuel Puybaret' catalogId='Puybaret#oak' width='40.0' height='80.0' image='79'/>
    </material>
    <material name='right'>
      <texture name='Dąb' creator='Emmanuel Puybaret' catalogId='Puybaret#oak' width='40.0' height='80.0' image='79'/>
    </material>
    <material name='top'>
      <texture name='Dąb' creator='Emmanuel Puybaret' catalogId='Puybaret#oak' width='40.0' height='80.0' image='79'/>
    </material>
  </pieceOfFurniture>
  <pieceOfFurniture level='level-16e9273a-e77b-47cc-8403-a084eaf0826d' catalogId='eTeks#texturableBox' name='Łaz - Szafka wisząca' creator='eTeks' model='11/texturableBox.obj' x='266.69794' y='1390.5304' elevation='150.0' angle='3.1415927' width='120.0' depth='25.0' height='90.0' modelSize='1661'>
    <material name='back' color='FFD3D3D3' shininess='1.0'/>
    <material name='bottom' color='FFD3D3D3' shininess='1.0'/>
    <material name='front' color='FFD3D3D3' shininess='1.0'/>
    <material name='left' color='FFD3D3D3' shininess='1.0'/>
    <material name='right' color='FFD3D3D3' shininess='1.0'/>
    <material name='top' color='FFD3D3D3' shininess='1.0'/>
  </pieceOfFurniture>
  <pieceOfFurniture level='level-16e9273a-e77b-47cc-8403-a084eaf0826d' catalogId='Snduc#radiateur' name='Grzejnik' creator='Snduc' model='81' x='238.55023' y='1203.8512' elevation='80.0' width='50.2' depth='6.0' height='100.0' color='FF303030' modelRotation='0 0 1 0 1 0 -1 0 0' modelSize='67845' movable='false'/>
  <pieceOfFurniture level='level-16e9273a-e77b-47cc-8403-a084eaf0826d' catalogId='eTeks#texturableBox' name='Łaz2 - Geberit' creator='eTeks' model='11/texturableBox.obj' x='416.09564' y='241.75078' angle='1.7484555E-7' width='125.0' depth='32.0' height='120.0' modelSize='1661'/>
  <pieceOfFurniture level='level-16e9273a-e77b-47cc-8403-a084eaf0826d' catalogId='eTeks#clothesWasher' name='Łaz2 - Pralka' creator='eTeks' model='83' x='313.13177' y='399.78' angle='4.712389' width='60.0' depth='47.0' height='85.0' modelSize='24815'/>
  <pieceOfFurniture level='level-16e9273a-e77b-47cc-8403-a084eaf0826d' catalogId='eTeks#texturableBox' name='Łaz2 - Szafka pralka' creator='eTeks' model='11/texturableBox.obj' x='311.75735' y='399.27097' angle='1.5707964' width='65.0' depth='45.0' height='200.0' modelSize='1661'>
    <material name='back'>
      <texture name='Lekkie drewno' creator='Ola-Kristian Hoff' catalogId='OlaKristianHoff#light_wood' width='20.0' height='20.0' image='84'/>
    </material>
    <material name='bottom'>
      <texture name='Lekkie drewno' creator='Ola-Kristian Hoff' catalogId='OlaKristianHoff#light_wood' width='20.0' height='20.0' image='84'/>
    </material>
    <material name='front'>
      <texture name='Lekkie drewno' creator='Ola-Kristian Hoff' catalogId='OlaKristianHoff#light_wood' width='20.0' height='20.0' image='84'/>
    </material>
    <material name='left'>
      <texture name='Lekkie drewno' creator='Ola-Kristian Hoff' catalogId='OlaKristianHoff#light_wood' width='20.0' height='20.0' image='84'/>
    </material>
    <material name='right'>
      <texture name='Lekkie drewno' creator='Ola-Kristian Hoff' catalogId='OlaKristianHoff#light_wood' width='20.0' height='20.0' image='84'/>
    </material>
    <material name='top'>
      <texture name='Lekkie drewno' creator='Ola-Kristian Hoff' catalogId='OlaKristianHoff#light_wood' width='20.0' height='20.0' image='84'/>
    </material>
  </pieceOfFurniture>
  <pieceOfFurniture level='level-16e9273a-e77b-47cc-8403-a084eaf0826d' catalogId='eTeks#texturableBox' name='Łaz2 - Szafka pralka' creator='eTeks' model='11/texturableBox.obj' x='464.76575' y='389.6416' elevation='5.0' angle='4.712389' width='50.0' depth='30.0' height='67.0' modelSize='1661'>
    <material name='back'>
      <texture name='Lekkie drewno' creator='Ola-Kristian Hoff' catalogId='OlaKristianHoff#light_wood' width='20.0' height='20.0' image='84'/>
    </material>
    <material name='bottom'>
      <texture name='Lekkie drewno' creator='Ola-Kristian Hoff' catalogId='OlaKristianHoff#light_wood' width='20.0' height='20.0' image='84'/>
    </material>
    <material name='front'>
      <texture name='Lekkie drewno' creator='Ola-Kristian Hoff' catalogId='OlaKristianHoff#light_wood' width='20.0' height='20.0' image='84'/>
    </material>
    <material name='left'>
      <texture name='Lekkie drewno' creator='Ola-Kristian Hoff' catalogId='OlaKristianHoff#light_wood' width='20.0' height='20.0' image='84'/>
    </material>
    <material name='right'>
      <texture name='Lekkie drewno' creator='Ola-Kristian Hoff' catalogId='OlaKristianHoff#light_wood' width='20.0' height='20.0' image='84'/>
    </material>
    <material name='top'>
      <texture name='Lekkie drewno' creator='Ola-Kristian Hoff' catalogId='OlaKristianHoff#light_wood' width='20.0' height='20.0' image='84'/>
    </material>
  </pieceOfFurniture>
  <pieceOfFurniture level='level-16e9273a-e77b-47cc-8403-a084eaf0826d' catalogId='eTeks#fridgeFreezer' name='Lodówka z zamrażarką' creator='eTeks' model='86' x='321.17242' y='547.8752' angle='4.712389' width='60.0' depth='66.0' height='200.0' modelSize='26363'>
    <material name='white' color='FF171717'/>
  </pieceOfFurniture>
  <pieceOfFurniture level='level-16e9273a-e77b-47cc-8403-a084eaf0826d' catalogId='Pastierovic#cabinet' name='Kuch - Szafka' creator='Robert Pastierovic' model='38' x='421.7475' y='918.48883' angle='3.1415927' width='66.5' depth='61.0' depthInPlan='60.999996' height='86.0' heightInPlan='86.00001' modelSize='6487'>
    <material name='grey'>
      <texture name='Drewniana podłoga' creator='eTeks' catalogId='eTeks#woodenFloor' width='42.5' height='42.5' scale='3.2' image='6'/>
    </material>
    <material name='white' color='FF000000'/>
  </pieceOfFurniture>
  <pieceOfFurniture level='level-16e9273a-e77b-47cc-8403-a084eaf0826d' catalogId='Pastierovic#upperCabinet' name='Kuch - Górna szafka' creator='Robert Pastierovic' model='36' x='317.9202' y='782.1929' elevation='165.0' angle='4.712389' width='90.0' depth='60.0' height='80.0' modelSize='3577'>
    <material name='grey' color='FF000000' shininess='0.0'/>
    <material name='white'>
      <texture name='Drewniana podłoga' creator='eTeks' catalogId='eTeks#woodenFloor' width='42.5' height='42.5' scale='3.2' image='6'/>
    </material>
  </pieceOfFurniture>
  <pieceOfFurniture level='level-16e9273a-e77b-47cc-8403-a084eaf0826d' catalogId='Omari#oven' name='Piekarnik' creator='Ben Omari' model='88/oven_Scene.obj' x='319.1858' y='707.8752' elevation='10.0' angle='4.712389' width='60.0' depth='62.4' height='76.0' modelSize='6704'/>
  <pieceOfFurniture level='level-16e9273a-e77b-47cc-8403-a084eaf0826d' catalogId='Pastierovic#upperCabinet' name='Kuch - Górna szafka' creator='Robert Pastierovic' model='36' x='318.54413' y='547.8752' elevation='205.0' angle='4.712389' width='60.0' depth='62.0' height='40.0' modelSize='3577'>
    <material name='grey' color='FF000000' shininess='0.0'/>
    <material name='white'>
      <texture name='Drewniana podłoga' creator='eTeks' catalogId='eTeks#woodenFloor' width='42.5' height='42.5' scale='3.2' image='6'/>
    </material>
  </pieceOfFurniture>
  <furnitureGroup level='level-16e9273a-e77b-47cc-8403-a084eaf0826d' name='Stół i krzesła' x='775.34375' y='747.699' angle='1.5707964' width='180.0' depth='132.67151' height='80.0'>
    <pieceOfFurniture level='level-16e9273a-e77b-47cc-8403-a084eaf0826d' catalogId='eTeks#table' name='Prostokątny stół' creator='eTeks' model='90' x='775.2781' y='747.699' angle='1.5707965' width='180.0' depth='90.0' height='74.0' modelSize='5486'>
      <material name='black'>
        <texture name='Dąb' creator='Emmanuel Puybaret' catalogId='Puybaret#oak' width='40.0' height='80.0' image='79'/>
      </material>
      <material name='lighttannew' color='FF000000'/>
    </pieceOfFurniture>
    <pieceOfFurniture level='level-16e9273a-e77b-47cc-8403-a084eaf0826d' catalogId='eTeks#chair2' name='Krzesło' creator='eTeks' model='92' x='735.9314' y='684.07263' angle='4.712389' width='48.600002' depth='49.9' height='80.0' modelSize='16429'>
      <material name='flltgrey' color='FFC5C5C5' shininess='1.0'/>
      <material name='fltan' color='FF000000'/>
    </pieceOfFurniture>
    <pieceOfFurniture level='level-16e9273a-e77b-47cc-8403-a084eaf0826d' catalogId='eTeks#chair2' name='Krzesło' creator='eTeks' model='92' x='733.958' y='748.12683' angle='4.712389' width='48.600002' depth='49.9' height='80.0' modelSize='16429'>
      <material name='flltgrey' color='FFC5C5C5' shininess='1.0'/>
      <material name='fltan' color='FF000000'/>
    </pieceOfFurniture>
    <pieceOfFurniture level='level-16e9273a-e77b-47cc-8403-a084eaf0826d' catalogId='eTeks#chair2' name='Krzesło' creator='eTeks' model='92' x='736.17017' y='808.82666' angle='4.712389' width='48.600002' depth='49.9' height='80.0' modelSize='16429'>
      <material name='flltgrey' color='FFC5C5C5' shininess='1.0'/>
      <material name='fltan' color='FF000000'/>
    </pieceOfFurniture>
    <pieceOfFurniture level='level-16e9273a-e77b-47cc-8403-a084eaf0826d' catalogId='eTeks#chair2' name='Krzesło' creator='eTeks' model='92' x='813.35156' y='683.99774' angle='1.5707965' width='48.600002' depth='49.9' height='80.0' modelSize='16429'>
      <material name='flltgrey' color='FFC5C5C5' shininess='1.0'/>
      <material name='fltan' color='FF000000'/>
    </pieceOfFurniture>
    <pieceOfFurniture level='level-16e9273a-e77b-47cc-8403-a084eaf0826d' catalogId='eTeks#chair2' name='Krzesło' creator='eTeks' model='92' x='811.3782' y='745.9593' angle='1.5707965' width='48.600002' depth='49.9' height='80.0' modelSize='16429'>
      <material name='flltgrey' color='FFC5C5C5' shininess='1.0'/>
      <material name='fltan' color='FF000000'/>
    </pieceOfFurniture>
    <pieceOfFurniture level='level-16e9273a-e77b-47cc-8403-a084eaf0826d' catalogId='eTeks#chair2' name='Krzesło' creator='eTeks' model='92' x='816.7295' y='810.84454' angle='1.5707965' width='48.600002' depth='49.9' height='80.0' modelSize='16429'>
      <material name='flltgrey' color='FFC5C5C5' shininess='1.0'/>
      <material name='fltan' color='FF000000'/>
    </pieceOfFurniture>
  </furnitureGroup>
  <pieceOfFurniture level='level-16e9273a-e77b-47cc-8403-a084eaf0826d' catalogId='Blend Swap CC-0#wardrobeWithSlidingDoors' name='Garderoba' creator='Ashaihullin' model='94/wardrobeWithSlidingDoors.obj' x='602.1035' y='1706.2213' angle='3.1415927' width='200.0' depth='42.0' height='236.40001' modelSize='52450'>
    <material name='Box'>
      <texture name='Drewniana podłoga' creator='eTeks' width='42.5' height='42.5' scale='4.0' image='6'/>
    </material>
  </pieceOfFurniture>
  <pieceOfFurniture level='level-16e9273a-e77b-47cc-8403-a084eaf0826d' catalogId='LucaPresidente#scrivania160W' name='Biurko' creator='LucaPresidente' model='15/scrivania160W.obj' x='522.3506' y='1590.5767' angle='4.712389' width='90.0' depth='40.0' height='72.0' modelSize='21321'>
    <material name='Box34_4'>
      <texture name='Drewniana podłoga' creator='eTeks' catalogId='eTeks#woodenFloor' width='42.5' height='42.5' scale='4.0' image='6'/>
    </material>
    <material name='Loft02_1' color='FF000000'/>
  </pieceOfFurniture>
  <pieceOfFurniture level='level-16e9273a-e77b-47cc-8403-a084eaf0826d' catalogId='Blend Swap CC-0#thonet' name='Krzesło' creator='JoelEapen' model='96/thonet.obj' x='548.7313' y='1589.8649' angle='1.5707964' width='54.7' depth='57.7' height='75.4' modelSize='219540'/>
  <pieceOfFurniture level='level-16e9273a-e77b-47cc-8403-a084eaf0826d' catalogId='Puybaret#ovalMirror' name='Lustro owalne' creator='Emmanuel Puybaret' model='98/ovalMirror.obj' x='503.44028' y='1592.3179' elevation='71.0' angle='4.712389' width='60.0' depth='1.0' height='80.0' modelSize='60290'>
    <material name='black' color='FF000000'/>
    <material name='white' color='FF000000'/>
  </pieceOfFurniture>
  <pieceOfFurniture level='level-16e9273a-e77b-47cc-8403-a084eaf0826d' catalogId='Puybaret#mirror' name='Lustro' creator='Emmanuel Puybaret' model='48/mirror.obj' x='477.58618' y='388.48047' elevation='100.0' angle='1.5707964' width='50.0' depth='0.5' height='80.0' modelSize='7802'/>
  <pieceOfFurniture level='level-16e9273a-e77b-47cc-8403-a084eaf0826d' catalogId='eTeks#curtains' name='Karnisz' creator='eTeks' model='100/curtains.obj' x='936.1498' y='1560.1462' elevation='5.0' angle='1.5707953' width='200.0' depth='15.0' height='255.0' modelSize='38679'>
    <material name='Junction' color='FF000000'/>
    <material name='Left' color='FFA9A9A9'/>
    <material name='Right' color='FFA9A9A9'/>
    <material name='Rod' color='FF000000'/>
  </pieceOfFurniture>
  <pieceOfFurniture level='level-16e9273a-e77b-47cc-8403-a084eaf0826d' catalogId='eTeks#curtains' name='Karnisz' creator='eTeks' model='100/curtains.obj' x='830.0353' y='1719.7213' elevation='5.0' angle='3.1415927' width='150.0' depth='15.0' height='255.0' modelSize='38679'>
    <material name='Junction' color='FF000000'/>
    <material name='Left' color='FFA9A9A9'/>
    <material name='Right' color='FFA9A9A9'/>
    <material name='Rod' color='FF000000'/>
  </pieceOfFurniture>
  <pieceOfFurniture level='level-16e9273a-e77b-47cc-8403-a084eaf0826d' catalogId='eTeks#curtains' name='Karnisz' creator='eTeks' model='100/curtains.obj' x='398.4652' y='1719.7213' elevation='5.0' angle='3.1415927' width='180.0' depth='15.0' height='255.0' modelSize='38679'>
    <material name='Junction' color='FF000000'/>
    <material name='Left' color='FF767676'/>
    <material name='Right' color='FF767676'/>
    <material name='Rod' color='FF000000'/>
  </pieceOfFurniture>
  <pieceOfFurniture level='level-16e9273a-e77b-47cc-8403-a084eaf0826d' catalogId='Puybaret#VeniceFrame' name='Rama Wenecja' creator='Emmanuel Puybaret' model='102/VeniceFrame.obj' x='123.1919' y='1641.427' elevation='140.0' angle='4.712389' width='120.0' depth='2.6122448' height='78.20408' modelSize='23548'>
    <material name='Aluminium' color='FF000000'/>
    <material name='Material.001' color='FFA9A9A9'/>
  </pieceOfFurniture>
  <pieceOfFurniture level='level-16e9273a-e77b-47cc-8403-a084eaf0826d' catalogId='eTeks#curtains' name='Karnisz' creator='eTeks' model='100/curtains.obj' x='940.0999' y='679.2785' elevation='5.0' angle='1.5707967' width='270.0' depth='15.0' height='255.0' modelSize='38679'>
    <material name='Junction' color='FF000000'/>
    <material name='Left' color='FFA9A9A9'/>
    <material name='Right' color='FFA9A9A9'/>
    <material name='Rod' color='FF000000'/>
  </pieceOfFurniture>
  <pieceOfFurniture level='level-16e9273a-e77b-47cc-8403-a084eaf0826d' catalogId='eTeks#curtains' name='Karnisz' creator='eTeks' model='100/curtains.obj' x='940.0997' y='1267.2576' elevation='5.0' angle='1.5707967' width='200.0' depth='15.0' height='255.0' modelSize='38679'>
    <material name='Junction' color='FF000000'/>
    <material name='Left' color='FFA9A9A9'/>
    <material name='Right' color='FFA9A9A9'/>
    <material name='Rod' color='FF000000'/>
  </pieceOfFurniture>
  <pieceOfFurniture level='level-16e9273a-e77b-47cc-8403-a084eaf0826d' catalogId='eTeks#curtains' name='Karnisz' creator='eTeks' model='100/curtains.obj' x='940.09766' y='392.8906' elevation='5.0' angle='1.5707787' width='220.0' depth='15.0' height='255.0' modelSize='38679'>
    <material name='Junction' color='FF000000'/>
    <material name='Left' color='FFE6E6E6'/>
    <material name='Right' color='FFE6E6E6'/>
    <material name='Rod' color='FF000000'/>
  </pieceOfFurniture>
  <pieceOfFurniture level='level-16e9273a-e77b-47cc-8403-a084eaf0826d' catalogId='Blend Swap CC-0#wardrobeWithSlidingDoors' name='Garderoba' creator='Ashaihullin' model='94/wardrobeWithSlidingDoors.obj' x='252.40686' y='1157.6373' angle='3.1415927' width='257.77155' depth='60.0' height='270.0' modelSize='52450'>
    <material name='Box' color='FFFFFFFF'/>
  </pieceOfFurniture>
  <pieceOfFurniture level='level-16e9273a-e77b-47cc-8403-a084eaf0826d' catalogId='Pencilart#throwPillow' name='Poduszka' creator='Pencilart' model='104/throwPillow.obj' x='766.44604' y='1425.3672' elevation='64.61539' width='40.0' depth='17.0' height='40.0' modelRotation='1 0 0 0 0.9396926 0.34202018 0 -0.34202018 0.9396926' modelSize='206189'>
    <material name='circulargreen' color='FF000000'/>
  </pieceOfFurniture>
  <pieceOfFurniture level='level-16e9273a-e77b-47cc-8403-a084eaf0826d' catalogId='Pencilart#throwPillow' name='Poduszka' creator='Pencilart' model='104/throwPillow.obj' x='841.6599' y='1425.6587' elevation='64.6' width='40.0' depth='17.0' height='40.0' modelRotation='1 0 0 0 0.9396926 0.34202018 0 -0.34202018 0.9396926' modelSize='206189'>
    <material name='circulargreen' color='FF000000'/>
  </pieceOfFurniture>
  <pieceOfFurniture level='level-16e9273a-e77b-47cc-8403-a084eaf0826d' catalogId='Pencilart#throwPillow' name='Poduszka' creator='Pencilart' model='104/throwPillow.obj' x='805.25183' y='1430.7739' elevation='64.6' width='40.0' depth='17.0' height='40.0' modelRotation='1 0 0 0 0.9396926 0.34202018 0 -0.34202018 0.9396926' modelSize='206189'>
    <material name='circulargreen' color='FF333333'/>
  </pieceOfFurniture>
  <pieceOfFurniture level='level-16e9273a-e77b-47cc-8403-a084eaf0826d' catalogId='Blend Swap CC-0#wardrobeWithSlidingDoors' name='Garderoba' creator='Ashaihullin' model='94/wardrobeWithSlidingDoors.obj' x='568.42834' y='260.61688' width='150.0' depth='66.0' height='236.40001' modelSize='52450'>
    <material name='Box' shininess='0.3828125'>
      <texture name='Brzoza' creator='Emmanuel Puybaret' catalogId='Puybaret#birch' width='40.0' height='80.0' image='20'/>
    </material>
    <material name='Door_Borders' color='FFCECECE'/>
    <material name='Door_Reflect_Left'>
      <texture name='Brzoza' creator='Emmanuel Puybaret' catalogId='Puybaret#birch' width='40.0' height='80.0' image='20'/>
    </material>
  </pieceOfFurniture>
  <pieceOfFurniture level='level-16e9273a-e77b-47cc-8403-a084eaf0826d' catalogId='LucaPresidente#comodinoAzzurro' name='Niebieska szafka sypialna' creator='LucaPresidente' model='50/comodinoAzzurro.obj' x='904.05304' y='488.38196' angle='3.1415927' width='40.0' depth='48.0' height='48.0' modelSize='69091'>
    <material name='Box35_1'>
      <texture name='Brzoza' creator='Emmanuel Puybaret' catalogId='Puybaret#birch' width='40.0' height='80.0' scale='4.0' image='20'/>
    </material>
    <material name='Box36_2'>
      <texture name='Brzoza' creator='Emmanuel Puybaret' catalogId='Puybaret#birch' width='40.0' height='80.0' scale='4.0' image='20'/>
    </material>
    <material name='ChamferBox36_3'>
      <texture name='Brzoza' creator='Emmanuel Puybaret' catalogId='Puybaret#birch' width='40.0' height='80.0' scale='4.0' image='20'/>
    </material>
    <material name='Line63_4' color='00000000'/>
  </pieceOfFurniture>
  <pieceOfFurniture level='level-16e9273a-e77b-47cc-8403-a084eaf0826d' catalogId='eTeks#sofa2' name='Kanapa' creator='eTeks' model='54' x='776.9393' y='487.29358' angle='3.1415927' width='200.0' depth='86.5' height='88.0' color='FF8E096F' modelSize='55383'/>
  <pieceOfFurniture level='level-16e9273a-e77b-47cc-8403-a084eaf0826d' name='sofa+Milao+em+L+DITcasa' model='106/model.dae' x='757.48206' y='1162.3054' angle='1.5707963' width='259.0' depth='319.0' height='74.445915' modelMirrored='true' modelSize='1288786'>
    <material name='Chair_Steel' color='FF000000'/>
    <material name='edge_color222223206255' color='00000000'/>
    <material name='edge_color644231255' color='00000000'/>
    <material name='material_15' color='FF2C2C2C'/>
    <material name='material_15_0' color='FF2C2C2C'/>
  </pieceOfFurniture>
  <pieceOfFurniture level='level-16e9273a-e77b-47cc-8403-a084eaf0826d' catalogId='PeterSmolik#officeChair3' name='Fotel biurowy' creator='Peter Smolik' model='13/officeChair3.obj' x='861.4275' y='269.39996' angle='3.1415927' width='55.9' depth='56.4' height='107.0' modelSize='448819'>
    <material name='OfficeChair3_1' color='FF131313'/>
    <material name='OfficeChair3_2' color='FF3E3E3E'/>
  </pieceOfFurniture>
  <pieceOfFurniture level='level-16e9273a-e77b-47cc-8403-a084eaf0826d' catalogId='eTeks#desk' name='Biurko' creator='eTeks' model='110' x='885.1471' y='253.49994' angle='1.7484555E-7' width='120.0' depth='50.0' height='75.0' modelMirrored='true' modelSize='16760'>
    <material name='archwhite2'>
      <texture name='Brzoza' creator='Emmanuel Puybaret' catalogId='Puybaret#birch' width='40.0' height='80.0' image='20'/>
    </material>
    <material name='lighttan'>
      <texture name='Brzoza' creator='Emmanuel Puybaret' catalogId='Puybaret#birch' width='40.0' height='80.0' image='20'/>
    </material>
    <material name='silver' color='00000000'/>
  </pieceOfFurniture>
  <light level='level-16e9273a-e77b-47cc-8403-a084eaf0826d' catalogId='Scopia#table_lamp' name='Lampka' creator='Scopia' model='112/table_lamp.obj' x='904.63904' y='495.15204' elevation='48.0' angle='4.712389' width='20.0' depth='20.0' height='50.100002' modelSize='952045'>
    <material name='lampshade_off_pantall_pantalla_color.jpg' color='FFFFFFFF'/>
    <material name='metal_brush_pulido2.j_pulido2.jpg' shininess='1.0'>
      <texture name='Aluminium' creator='Ola-Kristian Hoff' catalogId='OlaKristianHoff#alu_siding_greyscale2' width='6.4' height='6.4' image='113'/>
    </material>
  </light>
  <pieceOfFurniture level='level-16e9273a-e77b-47cc-8403-a084eaf0826d' catalogId='eTeks#laptop' name='Laptop' creator='eTeks' model='115' x='865.11646' y='250.9927' elevation='75.0' angle='0.2617994' width='32.5' depth='35.5' height='19.2' modelSize='45826'/>
  <pieceOfFurniture level='level-16e9273a-e77b-47cc-8403-a084eaf0826d' name='Obraz 2' model='117/model.dae' x='818.0787' y='542.4436' elevation='100.0' width='90.0' depth='3.8' height='119.99999' modelSize='358909'/>
  <pieceOfFurniture level='level-16e9273a-e77b-47cc-8403-a084eaf0826d' name='Obraz 1' model='119/model.dae' x='723.5549' y='542.5436' elevation='100.0' width='90.0' depth='3.9999995' height='119.99999' modelSize='133720'/>
  <pieceOfFurniture level='level-16e9273a-e77b-47cc-8403-a084eaf0826d' name='Quadro+Abstract+Painting-Rachel+Moya' model='123/model.dae' x='943.29553' y='1077.3591' elevation='100.0' angle='1.5707967' width='100.582565' depth='8.6084175' height='140.0' modelSize='626922'>
    <material name='Moldura' color='00000000'/>
    <material name='edge_color000255' color='00000000'/>
    <material name='edge_color255255255255' color='00000000'/>
    <material name='material' color='00000000'/>
    <material name='material_0' color='00000000'/>
  </pieceOfFurniture>
  <pieceOfFurniture level='level-16e9273a-e77b-47cc-8403-a084eaf0826d' name='61662+Oil+Painting+Abstract+Into+The+Night+210x120cm' model='125/model.dae' x='801.1709' y='1420.876' elevation='130.0' angle='1.575145' pitch='1.5707964' width='3.428638' depth='85.71434' depthInPlan='150.0' height='150.0' heightInPlan='85.71435' modelSize='250495'/>
  <pieceOfFurniture level='level-16e9273a-e77b-47cc-8403-a084eaf0826d' catalogId='Kator Legaz#apple-ibook-2001' name='Apple iBook' creator='Kator Legaz' model='127/apple-ibook-2001.obj' x='341.62317' y='1680.1666' elevation='72.0' angle='2.8797934' width='28.5' depth='27.2' height='22.9' modelSize='511888'/>
  <pieceOfFurniture level='level-16e9273a-e77b-47cc-8403-a084eaf0826d' catalogId='Pastierovic#cabinet' name='Kuch - Szafka' creator='Robert Pastierovic' model='38' x='364.4975' y='903.5118' angle='3.1415927' width='48.0' depth='27.5' height='86.0' modelSize='6487'>
    <material name='grey'>
      <texture name='Drewniana podłoga' creator='eTeks' catalogId='eTeks#woodenFloor' width='42.5' height='42.5' scale='3.2' image='6'/>
    </material>
    <material name='white' color='FF000000'/>
  </pieceOfFurniture>
  <wall id='wall-de84a80c-1924-4c2a-a71c-c4182514dcf6' level='level-16e9273a-e77b-47cc-8403-a084eaf0826d' wallAtStart='wall-a3b53c00-d3e0-4e3a-b36f-8ee3dd6fbfb6' wallAtEnd='wall-47c10ff0-d4a2-45f5-8d54-ac634f6d3498' xStart='110.88578' yStart='1747.2213' xEnd='967.6' yEnd='1747.2213' height='270.0' thickness='40.0' pattern='hatchUp'/>
  <wall id='wall-d9b0a905-f589-4d09-862b-f0ad0b9c4d62' level='level-16e9273a-e77b-47cc-8403-a084eaf0826d' wallAtStart='wall-13518d4c-f13a-4ff2-9bb6-7a3f001a3027' xStart='484.76575' yStart='535.5436' xEnd='962.3778' yEnd='535.5436' height='270.0' thickness='10.0' pattern='hatchUp' leftSideColor='FFE6E6E6' rightSideColor='FFFFFFFF'/>
  <wall id='wall-94b86143-43df-4264-84f7-357c93f6d9e5' level='level-16e9273a-e77b-47cc-8403-a084eaf0826d' wallAtStart='wall-b500fc93-6663-424c-a755-f9973067966e' wallAtEnd='wall-d12888ff-6d3f-47d3-b58c-872c7ed801e1' xStart='386.06506' yStart='1192.953' xEnd='386.06506' yEnd='1408.9083' height='270.0' thickness='10.0' pattern='hatchUp' leftSideColor='FFFFFFFF'/>
  <wall id='wall-b01c8e12-8172-43ff-9691-d11e66a97d2f' level='level-16e9273a-e77b-47cc-8403-a084eaf0826d' wallAtStart='wall-18c11280-4e86-428c-b749-b4529b2b4d6d' xStart='496.12744' yStart='1406.7422' xEnd='963.36316' yEnd='1408.7782' height='270.0' thickness='10.0' pattern='hatchUp' leftSideColor='FFFFFFFF'/>
  <wall id='wall-6da1c44d-dbdc-4740-ad03-dcd0589ea750' level='level-16e9273a-e77b-47cc-8403-a084eaf0826d' wallAtStart='wall-aa7eaca3-59f0-4b8e-83ba-cc0d47b2f9c1' wallAtEnd='wall-12022749-8bfd-461a-bb6c-4d9a063ce939' xStart='967.6' yStart='520.639' xEnd='967.5946' yEnd='215.36429' height='270.0' thickness='40.0' pattern='hatchUp' leftSideColor='FFFFFFFF'/>
  <wall id='wall-00cbf3df-9907-4f88-9945-f188a863de55' level='level-16e9273a-e77b-47cc-8403-a084eaf0826d' wallAtStart='wall-d39f039c-3d17-47eb-9d51-be041518cab5' wallAtEnd='wall-67b3b7e8-0a06-4879-b6be-6216b82adcd1' xStart='277.8496' yStart='215.36429' xEnd='277.26453' yEnd='436.97144' height='270.0' thickness='22.0' pattern='hatchUp' leftSideColor='FFFFFFFF'/>
  <wall id='wall-a1ddc4dc-3743-4d5f-8e49-7aa44b2bcdb0' level='level-16e9273a-e77b-47cc-8403-a084eaf0826d' wallAtStart='wall-4e2b7d53-f240-4dda-8cc3-4399ca5522f4' wallAtEnd='wall-c6be317c-54f1-4119-a946-32bc87cacf10' xStart='276.67944' yStart='957.72577' xEnd='270.8369' yEnd='957.72577' height='270.0' thickness='22.0' pattern='hatchUp' leftSideColor='FFFFFFFF'/>
  <wall id='wall-c6be317c-54f1-4119-a946-32bc87cacf10' level='level-16e9273a-e77b-47cc-8403-a084eaf0826d' wallAtStart='wall-a1ddc4dc-3743-4d5f-8e49-7aa44b2bcdb0' wallAtEnd='wall-8613b548-e088-4500-a0ce-23fa764b2b5c' xStart='270.8369' yStart='957.72577' xEnd='110.88578' yEnd='957.72577' height='270.0' thickness='22.0' pattern='hatchUp' leftSideColor='FFFFFFFF'/>
  <wall id='wall-8613b548-e088-4500-a0ce-23fa764b2b5c' level='level-16e9273a-e77b-47cc-8403-a084eaf0826d' wallAtStart='wall-c6be317c-54f1-4119-a946-32bc87cacf10' wallAtEnd='wall-a6bf0c34-3565-4cab-b08c-518b39566996' xStart='110.88578' yStart='957.72577' xEnd='110.88578' yEnd='1186.7736' height='270.0' thickness='22.0' pattern='hatchUp' leftSideColor='FFFFFFFF'/>
  <wall id='wall-273769cf-18fc-4028-b247-3721d13aa39e' level='level-16e9273a-e77b-47cc-8403-a084eaf0826d' wallAtEnd='wall-13518d4c-f13a-4ff2-9bb6-7a3f001a3027' xStart='484.76575' yStart='214.20642' xEnd='484.76575' yEnd='436.97144' height='270.0' thickness='10.0' pattern='hatchUp' leftSideColor='FFFFFFFF' rightSideColor='FFFFFFFF'/>
  <wall id='wall-13518d4c-f13a-4ff2-9bb6-7a3f001a3027' level='level-16e9273a-e77b-47cc-8403-a084eaf0826d' wallAtStart='wall-273769cf-18fc-4028-b247-3721d13aa39e' wallAtEnd='wall-d9b0a905-f589-4d09-862b-f0ad0b9c4d62' xStart='484.76575' yStart='436.97144' xEnd='484.76575' yEnd='535.5436' height='270.0' thickness='10.0' pattern='hatchUp' leftSideColor='FFFFFFFF' rightSideColor='FFFFFFFF'/>
  <wall id='wall-4f7f88ce-a0b6-4267-8b33-e651b8fbbfb1' level='level-16e9273a-e77b-47cc-8403-a084eaf0826d' xStart='483.60388' yStart='438.1333' xEnd='267.34558' yEnd='438.1333' height='270.0' thickness='10.0' pattern='hatchUp' leftSideColor='FFFFFFFF' rightSideColor='FFFFFFFF'/>
  <wall id='wall-47c10ff0-d4a2-45f5-8d54-ac634f6d3498' level='level-16e9273a-e77b-47cc-8403-a084eaf0826d' wallAtStart='wall-de84a80c-1924-4c2a-a71c-c4182514dcf6' wallAtEnd='wall-aa7eaca3-59f0-4b8e-83ba-cc0d47b2f9c1' xStart='967.6' yStart='1747.2213' xEnd='967.5996' yEnd='1405.7736' height='270.0' thickness='40.0' pattern='hatchUp'/>
  <wall id='wall-aa7eaca3-59f0-4b8e-83ba-cc0d47b2f9c1' level='level-16e9273a-e77b-47cc-8403-a084eaf0826d' wallAtStart='wall-47c10ff0-d4a2-45f5-8d54-ac634f6d3498' wallAtEnd='wall-6da1c44d-dbdc-4740-ad03-dcd0589ea750' xStart='967.5996' yStart='1405.7736' xEnd='967.6' yEnd='520.639' height='270.0' thickness='40.0' pattern='hatchUp' leftSideColor='FFFFFFFF'/>
  <wall id='wall-67b3b7e8-0a06-4879-b6be-6216b82adcd1' level='level-16e9273a-e77b-47cc-8403-a084eaf0826d' wallAtStart='wall-00cbf3df-9907-4f88-9945-f188a863de55' wallAtEnd='wall-4e2b7d53-f240-4dda-8cc3-4399ca5522f4' xStart='277.26453' yStart='436.97144' xEnd='276.67944' yEnd='946.45886' height='270.0' thickness='22.0' pattern='hatchUp' leftSideColor='FFFFFFFF'/>
  <wall id='wall-4e2b7d53-f240-4dda-8cc3-4399ca5522f4' level='level-16e9273a-e77b-47cc-8403-a084eaf0826d' wallAtStart='wall-67b3b7e8-0a06-4879-b6be-6216b82adcd1' wallAtEnd='wall-a1ddc4dc-3743-4d5f-8e49-7aa44b2bcdb0' xStart='276.67944' yStart='946.45886' xEnd='276.67944' yEnd='957.72577' height='270.0' thickness='22.0' pattern='hatchUp' leftSideColor='FFFFFFFF'/>
  <wall id='wall-9310b214-5c1c-4775-a4bb-b87666d95011' level='level-16e9273a-e77b-47cc-8403-a084eaf0826d' wallAtStart='wall-3f6a3d49-48bf-46e6-8108-11890d72dc61' xStart='386.06506' yStart='1517.3358' xEnd='496.3506' yEnd='1517.3358' height='270.0' thickness='10.0' pattern='hatchUp' leftSideColor='FFFFFFFF'/>
  <wall id='wall-3f6a3d49-48bf-46e6-8108-11890d72dc61' level='level-16e9273a-e77b-47cc-8403-a084eaf0826d' wallAtEnd='wall-9310b214-5c1c-4775-a4bb-b87666d95011' xStart='386.06506' yStart='1405.7736' xEnd='386.06506' yEnd='1517.3358' height='270.0' thickness='10.0' pattern='hatchUp' topColor='FFFFFFFF' leftSideColor='FFFFFFFF'/>
  <wall id='wall-89fa190b-d779-46a7-b156-e690a04481d4' level='level-16e9273a-e77b-47cc-8403-a084eaf0826d' xStart='496.3506' yStart='1517.3358' xEnd='496.3506' yEnd='1745.7736' height='270.0' thickness='10.0' pattern='hatchUp'/>
  <wall id='wall-12022749-8bfd-461a-bb6c-4d9a063ce939' level='level-16e9273a-e77b-47cc-8403-a084eaf0826d' wallAtStart='wall-6da1c44d-dbdc-4740-ad03-dcd0589ea750' wallAtEnd='wall-d39f039c-3d17-47eb-9d51-be041518cab5' xStart='967.5946' yStart='215.36429' xEnd='476.0559' yEnd='215.36429' height='270.0' thickness='19.0' pattern='hatchUp' leftSideColor='FFE6E6E6'/>
  <wall id='wall-d39f039c-3d17-47eb-9d51-be041518cab5' level='level-16e9273a-e77b-47cc-8403-a084eaf0826d' wallAtStart='wall-12022749-8bfd-461a-bb6c-4d9a063ce939' wallAtEnd='wall-00cbf3df-9907-4f88-9945-f188a863de55' xStart='476.0559' yStart='215.36429' xEnd='277.8496' yEnd='215.36429' height='270.0' thickness='19.0' pattern='hatchUp' leftSideColor='FFFFFFFF'/>
  <wall id='wall-a3b53c00-d3e0-4e3a-b36f-8ee3dd6fbfb6' level='level-16e9273a-e77b-47cc-8403-a084eaf0826d' wallAtStart='wall-f1d9f0eb-fe49-48cd-b29c-91f3109ed6a1' wallAtEnd='wall-de84a80c-1924-4c2a-a71c-c4182514dcf6' xStart='110.88578' yStart='1405.5831' xEnd='110.88578' yEnd='1747.2213' height='270.0' thickness='22.0' pattern='hatchUp'/>
  <wall id='wall-a6bf0c34-3565-4cab-b08c-518b39566996' level='level-16e9273a-e77b-47cc-8403-a084eaf0826d' wallAtStart='wall-8613b548-e088-4500-a0ce-23fa764b2b5c' wallAtEnd='wall-f1d9f0eb-fe49-48cd-b29c-91f3109ed6a1' xStart='110.88578' yStart='1186.7736' xEnd='110.88578' yEnd='1274.692' height='270.0' thickness='22.0' pattern='hatchUp'/>
  <wall id='wall-f1d9f0eb-fe49-48cd-b29c-91f3109ed6a1' level='level-16e9273a-e77b-47cc-8403-a084eaf0826d' wallAtStart='wall-a6bf0c34-3565-4cab-b08c-518b39566996' wallAtEnd='wall-a3b53c00-d3e0-4e3a-b36f-8ee3dd6fbfb6' xStart='110.88578' yStart='1274.692' xEnd='110.88578' yEnd='1405.5831' height='270.0' thickness='22.0' pattern='hatchUp'/>
  <wall id='wall-58d381e4-73f4-45f5-8249-2027b2ea12b3' level='level-16e9273a-e77b-47cc-8403-a084eaf0826d' xStart='280.17615' yStart='981.0505' xEnd='389.67615' yEnd='981.0505' height='270.0' thickness='40.0' pattern='crossHatch' leftSideColor='FFFFFFFF' rightSideColor='FFFFFFFF'/>
  <wall id='wall-832e6a4c-c72b-44dc-a0fe-8618e85d1564' level='level-16e9273a-e77b-47cc-8403-a084eaf0826d' xStart='389.44345' yStart='958.9914' xEnd='410.44345' yEnd='958.9914' height='270.0' thickness='19.0' pattern='crossHatch' leftSideColor='FFFFFFFF' rightSideColor='FFFFFFFF'/>
  <wall id='wall-bdd77d6f-d64a-4a22-81b7-7175e2617ee7' level='level-16e9273a-e77b-47cc-8403-a084eaf0826d' xStart='288.58304' yStart='939.7618' xEnd='389.08304' yEnd='939.7618' height='270.0' thickness='45.0' pattern='crossHatch' leftSideColor='FFFFFFFF' rightSideColor='FFFFFFFF'/>
  <wall id='wall-b49284c9-3bbc-4dcc-afee-6d05381391fa' level='level-16e9273a-e77b-47cc-8403-a084eaf0826d' xStart='386.2927' yStart='1127.5336' xEnd='386.2927' yEnd='1200.5336' height='270.0' thickness='10.0' pattern='hatchUp' leftSideColor='FFFFFFFF' rightSideColor='FFFFFFFF'/>
  <wall id='wall-96fec926-0a17-467f-a18c-8f2cdc4585f3' level='level-16e9273a-e77b-47cc-8403-a084eaf0826d' xStart='120.69792' yStart='1391.4314' xEnd='206.69792' yEnd='1391.4314' height='270.0' thickness='40.0' pattern='crossHatch' leftSideColor='FFFFFFFF' rightSideColor='FFFFFFFF'/>
  <wall id='wall-a83f0ef5-65a1-40c0-9165-0fdbe6fcb390' level='level-16e9273a-e77b-47cc-8403-a084eaf0826d' xStart='265.65942' yStart='1200.3694' xEnd='288.7436' yEnd='1200.3694' height='270.0' thickness='20.0' pattern='crossHatch' leftSideColor='FFFFFFFF' rightSideColor='FFFFFFFF'/>
  <wall id='wall-25dd2e2d-4a59-4048-9bb7-2ab004510f46' level='level-16e9273a-e77b-47cc-8403-a084eaf0826d' xStart='266.23267' yStart='1417.3279' xEnd='289.31683' yEnd='1417.3279' height='270.0' thickness='20.0' pattern='crossHatch' leftSideColor='FFFFFFFF' rightSideColor='FFFFFFFF'/>
  <wall id='wall-d12888ff-6d3f-47d3-b58c-872c7ed801e1' level='level-16e9273a-e77b-47cc-8403-a084eaf0826d' wallAtStart='wall-94b86143-43df-4264-84f7-357c93f6d9e5' xStart='386.06506' yStart='1408.9083' xEnd='110.88578' yEnd='1408.9083' height='270.0' thickness='10.0' pattern='hatchUp'/>
  <wall id='wall-5cabfc96-41a2-490c-a78e-986060a8ecb1' level='level-16e9273a-e77b-47cc-8403-a084eaf0826d' xStart='282.29565' yStart='235.2508' xEnd='353.59564' yEnd='235.2508' height='270.0' thickness='45.0' pattern='crossHatch' leftSideColor='FFFFFFFF' rightSideColor='FFFFFFFF'/>
  <wall id='wall-b500fc93-6663-424c-a755-f9973067966e' level='level-16e9273a-e77b-47cc-8403-a084eaf0826d' wallAtEnd='wall-94b86143-43df-4264-84f7-357c93f6d9e5' xStart='117.90458' yStart='1192.953' xEnd='386.06506' yEnd='1192.953' height='270.0' thickness='10.0' pattern='hatchUp' leftSideColor='FFFFFFFF'/>
  <wall id='wall-18c11280-4e86-428c-b749-b4529b2b4d6d' level='level-16e9273a-e77b-47cc-8403-a084eaf0826d' wallAtStart='wall-b01c8e12-8172-43ff-9691-d11e66a97d2f' xStart='496.12744' yStart='1406.7422' xEnd='496.12744' yEnd='1517.7422' height='270.0' thickness='10.0' pattern='hatchUp' rightSideColor='FFFFFFFF'/>
  <wall id='wall-425ac051-3e59-47bc-8b87-22724232d9b3' level='level-16e9273a-e77b-47cc-8403-a084eaf0826d' xStart='927.426' yStart='959.36365' xEnd='947.426' yEnd='959.36365' height='270.0' thickness='19.0' pattern='crossHatch' leftSideColor='FFFFFFFF' rightSideColor='FFFFFFFF'/>
  <wall id='wall-7a763a02-a6a2-44de-aebc-c1b6d3581e68' level='level-16e9273a-e77b-47cc-8403-a084eaf0826d' xStart='410.56027' yStart='954.79535' xEnd='502.56027' yEnd='954.79535' height='270.0' thickness='10.0' pattern='hatchUp' leftSideColor='FFFFFFFF' rightSideColor='FFFFFFFF'/>
  <wall id='wall-b94e93fe-e727-44ff-9aa8-042d05c9df72' level='level-16e9273a-e77b-47cc-8403-a084eaf0826d' xStart='288.58304' yStart='939.3895' xEnd='389.08304' yEnd='939.3895' height='270.0' thickness='45.0' pattern='hatchUp' leftSideColor='FFFFFFFF' rightSideColor='FFFFFFFF'/>
</home>