<?xml version='1.0'?>
<home version='6500' exportFlags='17' name='Levityn 4.sh3d' camera='observerCamera' selectedLevel='level-3db4606e-e5f0-4abb-961d-ec96e3981421' wallHeight='250.0'>
  <environment groundColor='00A8A8A8' skyColor='00CCE4FC' lightColor='00C0C0C0'/>
  <observerCamera attribute='observerCamera' lens='PINHOLE' x='1036.1482' y='386.8883' z='160.0' yaw='-78.52391' pitch='0.39079422' fieldOfView='2.0943952' time='1617606000823' fixedSize='true'/>
  <camera attribute='topCamera' lens='PINHOLE' x='1651.0254' y='-109.82672' z='683.3346' yaw='-80.73383' pitch='0.5907973' fieldOfView='1.0995575' time='1617624000000'/>
  <level id='level-16e9273a-e77b-47cc-8403-a084eaf0826d' name='Poziom 0' elevation='0.0' floorThickness='12.0' height='250.0' elevationIndex='0'/>
  <level id='level-3db4606e-e5f0-4abb-961d-ec96e3981421' name='Poziom 1' elevation='0.0' floorThickness='12.0' height='250.0' elevationIndex='1'/>
  <doorOrWindow level='level-16e9273a-e77b-47cc-8403-a084eaf0826d' catalogId='eTeks#sliderWindow126x200' name='Okno przesuwne' creator='eTeks' model='2' x='1408.6111' y='859.5884' elevation='11.0' angle='3.1415927' width='200.0' depth='20.0' height='245.0' color='FFFFFFFF' modelSize='7950' movable='false' cutOutShape='M0,0 v1 h1 v-1 z' wallCutOutOnBothSides='true'/>
  <doorOrWindow level='level-16e9273a-e77b-47cc-8403-a084eaf0826d' catalogId='eTeks#sliderWindow126x200' name='Okno przesuwne' creator='eTeks' model='2' x='1084.7385' y='859.70776' elevation='11.0' angle='3.1448708' width='240.00008' depth='19.999985' height='245.0' color='FFFFFFFF' modelSize='7950' movable='false' cutOutShape='M0,0 v1 h1 v-1 z' wallCutOutOnBothSides='true'/>
  <doorOrWindow level='level-16e9273a-e77b-47cc-8403-a084eaf0826d' catalogId='eTeks#sliderWindow126x200' name='Okno przesuwne' creator='eTeks' model='2' x='506.58685' y='861.54' elevation='11.0' angle='3.1415927' width='160.0' depth='20.0' height='245.0' color='FFFFFFFF' modelSize='7950' movable='false' cutOutShape='M0,0 v1 h1 v-1 z' wallCutOutOnBothSides='true'/>
  <doorOrWindow level='level-16e9273a-e77b-47cc-8403-a084eaf0826d' catalogId='eTeks#sliderWindow126x200' name='Okno przesuwne' creator='eTeks' model='2' x='208.90625' y='859.5884' elevation='11.0' angle='3.1415927' width='160.0' depth='20.0' height='245.0' color='FFFFFFFF' modelSize='7950' movable='false' cutOutShape='M0,0 v1 h1 v-1 z' wallCutOutOnBothSides='true'/>
  <doorOrWindow level='level-16e9273a-e77b-47cc-8403-a084eaf0826d' catalogId='eTeks#sliderWindow126x200' name='Okno przesuwne' creator='eTeks' model='2' x='25.317078' y='729.7159' elevation='11.0' angle='4.712389' width='120.0' depth='20.0' height='245.0' color='FFFFFFFF' modelSize='7950' movable='false' cutOutShape='M0,0 v1 h1 v-1 z' wallCutOutOnBothSides='true'/>
  <doorOrWindow level='level-16e9273a-e77b-47cc-8403-a084eaf0826d' catalogId='eTeks#sliderWindow126x200' name='Okno przesuwne' creator='eTeks' model='2' x='25.317078' y='297.14545' elevation='11.0' angle='4.712389' width='160.0' depth='20.0' height='245.0' color='FFFFFFFF' modelSize='7950' movable='false' cutOutShape='M0,0 v1 h1 v-1 z' wallCutOutOnBothSides='true'/>
  <doorOrWindow level='level-16e9273a-e77b-47cc-8403-a084eaf0826d' catalogId='eTeks#frontDoor' name='Drzwi wejściowe' creator='eTeks' model='4' x='806.48126' y='114.67239' angle='1.5707964' width='101.5' depth='28.11186' height='208.5' modelSize='24179' movable='false' cutOutShape='M0,0 v1 h1 v-1 z' wallCutOutOnBothSides='true'>
    <material name='flgrey' color='FF333333'/>
    <material name='white' color='FF333333'/>
    <material name='yellowbrt' color='FF000000'/>
  </doorOrWindow>
  <pieceOfFurniture level='level-16e9273a-e77b-47cc-8403-a084eaf0826d' catalogId='eTeks#squareTable' name='Stolik kwadratowy' creator='eTeks' model='6' x='591.7252' y='679.0914' angle='1.5707964' width='90.0' depth='90.0' height='44.0' shininess='0.5' modelSize='3045'>
    <material name='flblonde' color='FF000000'/>
  </pieceOfFurniture>
  <pieceOfFurniture level='level-16e9273a-e77b-47cc-8403-a084eaf0826d' catalogId='eTeks#texturableBox' name='Szafka TV' creator='eTeks' model='8/texturableBox.obj' x='411.10315' y='676.7158' angle='4.712389' width='180.0' depth='49.0' height='40.0' modelSize='1661'>
    <material name='back' color='FF000000'/>
    <material name='bottom' color='FF000000'/>
    <material name='front'>
      <texture name='Drewniana podłoga' creator='eTeks' catalogId='eTeks#woodenFloor' width='42.5' height='42.5' scale='3.2' image='9'/>
    </material>
    <material name='left' color='FF000000'/>
    <material name='right' color='FF000000'/>
    <material name='top' color='FF000000'/>
  </pieceOfFurniture>
  <pieceOfFurniture level='level-16e9273a-e77b-47cc-8403-a084eaf0826d' catalogId='PeterSmolik#officeChair3' name='Fotel biurowy' creator='Peter Smolik' model='11/officeChair3.obj' x='142.36731' y='212.89075' angle='1.3089985' width='55.899963' depth='56.39991' height='107.0' modelSize='448819'>
    <material name='OfficeChair3_1' color='FF131313'/>
    <material name='OfficeChair3_2' color='FF3E3E3E'/>
  </pieceOfFurniture>
  <pieceOfFurniture level='level-16e9273a-e77b-47cc-8403-a084eaf0826d' catalogId='LucaPresidente#scrivania160W' name='Biurko' creator='LucaPresidente' model='13/scrivania160W.obj' x='77.369995' y='220.45166' angle='4.712384' width='103.0' depth='60.0' height='72.0' modelSize='21321'>
    <material name='Box34_4'>
      <texture name='Drewniana podłoga' creator='eTeks' catalogId='eTeks#woodenFloor' width='42.5' height='42.5' scale='4.0' image='9'/>
    </material>
    <material name='Loft02_1' color='FF000000'/>
  </pieceOfFurniture>
  <pieceOfFurniture level='level-16e9273a-e77b-47cc-8403-a084eaf0826d' catalogId='Geantick#souris' name='Myszka' creator='Geantick' model='15' x='89.15662' y='205.43518' elevation='72.0' angle='4.450578' width='5.9999948' depth='10.099974' height='2.4' modelRotation='0 0 -1 0 1 0 1 0 0' modelSize='33060'/>
  <pieceOfFurniture level='level-16e9273a-e77b-47cc-8403-a084eaf0826d' catalogId='Jabberwalky#kommode' name='Kufer' creator='Jabberwalky' model='17/kommode.obj' x='1518.0' y='635.2147' angle='1.5707964' width='160.0' depth='48.0' height='78.0' modelSize='13933'>
    <material name='Handle' color='00000000' shininess='0.3828125'/>
    <material name='Wood' shininess='0.359375'>
      <texture name='Brzoza' creator='Emmanuel Puybaret' catalogId='Puybaret#birch' width='40.0' height='80.0' image='18'/>
    </material>
  </pieceOfFurniture>
  <pieceOfFurniture level='level-16e9273a-e77b-47cc-8403-a084eaf0826d' catalogId='OlaKristianHoff#armchair_wing' name='Fotel' creator='Ola-Kristian Hoff' model='20/armchair_wing.obj' x='1383.1396' y='451.0' width='82.0' depth='96.0' height='101.0' color='FF7F0062' modelSize='43073'/>
  <pieceOfFurniture level='level-16e9273a-e77b-47cc-8403-a084eaf0826d' catalogId='RonnieTantriady#curvedWallOLEDTV' name='Zakrzywiony naścienny TV' creator='RonnieTantriady' model='22/curvedWallOLEDTV.obj' x='1530.5549' y='635.65063' elevation='120.0' angle='1.5707979' width='151.0' depth='13.0' height='87.0' modelSize='6012'/>
  <light level='level-16e9273a-e77b-47cc-8403-a084eaf0826d' catalogId='PeterSmolik#deskLight' name='Lampa biurkowa' creator='Peter Smolik' model='24/deskLight.obj' x='1525.0085' y='799.7423' elevation='75.0' angle='3.1415927' width='23.200195' depth='73.80005' height='56.2' modelRotation='0 0 1 0 1 0 -1 0 0' modelSize='227873'>
    <material name='DeskLight_1' color='FF000000' shininess='0.34375'/>
  </light>
  <pieceOfFurniture level='level-16e9273a-e77b-47cc-8403-a084eaf0826d' catalogId='Puybaret#ColoredFountainFrame' name='Ramka Kolorowa Fontanna' creator='Emmanuel Puybaret' model='26/ColoredFountainFrame.obj' x='1235.209' y='685.4553' elevation='120.0' angle='4.712389' width='120.0' depth='2.6121826' height='78.20408' modelSize='33219'/>
  <pieceOfFurniture level='level-16e9273a-e77b-47cc-8403-a084eaf0826d' catalogId='eTeks#coffeeTable' name='Stolik na kawę' creator='eTeks' model='28' x='1271.459' y='537.0713' angle='5.23599' width='44.999832' depth='44.999832' height='44.0' modelSize='9814'>
    <material name='brzskin'>
      <texture name='Brzoza' creator='Emmanuel Puybaret' catalogId='Puybaret#birch' width='40.0' height='80.0' image='18'/>
    </material>
    <material name='grey'>
      <texture name='Brzoza' creator='Emmanuel Puybaret' catalogId='Puybaret#birch' width='40.0' height='80.0' image='18'/>
    </material>
  </pieceOfFurniture>
  <furnitureGroup level='level-16e9273a-e77b-47cc-8403-a084eaf0826d' name='Stołki' x='957.12067' y='429.4672' angle='3.1415935' width='151.24768' depth='39.761993' height='100.0'>
    <pieceOfFurniture level='level-16e9273a-e77b-47cc-8403-a084eaf0826d' catalogId='Kator Legaz#bar-stool' name='Krzesło barowe' creator='Kator Legaz' model='30/bar-stool.obj' x='898.4969' y='428.53543' angle='3.141595' width='33.99998' depth='37.89859' height='100.0' modelSize='131112'>
      <material name='Chair_vinyl' color='FF000000'/>
    </pieceOfFurniture>
    <pieceOfFurniture level='level-16e9273a-e77b-47cc-8403-a084eaf0826d' catalogId='Kator Legaz#bar-stool' name='Krzesło barowe' creator='Kator Legaz' model='30/bar-stool.obj' x='956.3785' y='430.34814' angle='3.141595' width='33.99998' depth='38.000088' height='100.0' modelSize='131112'>
      <material name='Chair_vinyl' color='FF000000'/>
    </pieceOfFurniture>
    <pieceOfFurniture level='level-16e9273a-e77b-47cc-8403-a084eaf0826d' catalogId='Kator Legaz#bar-stool' name='Krzesło barowe' creator='Kator Legaz' model='30/bar-stool.obj' x='1015.7445' y='429.63937' angle='3.141595' width='33.99998' depth='38.000088' height='100.0' modelSize='131112'>
      <material name='Chair_vinyl' color='FF000000'/>
    </pieceOfFurniture>
  </furnitureGroup>
  <pieceOfFurniture level='level-16e9273a-e77b-47cc-8403-a084eaf0826d' catalogId='eTeks#hood' name='Kuch - Okap' creator='eTeks' model='32' x='1043.7345' y='212.68079' elevation='160.0' width='60.0' depth='45.0' height='94.0' modelSize='10536'/>
  <pieceOfFurniture level='level-16e9273a-e77b-47cc-8403-a084eaf0826d' catalogId='Pastierovic#cabinet' name='Kuch - Szafka' creator='Robert Pastierovic' model='34' x='884.09674' y='222.0' width='60.0' depth='62.0' height='86.0' modelSize='6487'>
    <material name='grey'>
      <texture name='Drewniana podłoga' creator='eTeks' catalogId='eTeks#woodenFloor' width='42.5' height='42.5' scale='3.2' image='9'/>
    </material>
    <material name='white' color='FF000000'/>
  </pieceOfFurniture>
  <pieceOfFurniture level='level-16e9273a-e77b-47cc-8403-a084eaf0826d' catalogId='Pastierovic#cabinet' name='Kuch - Zmywarka' creator='Robert Pastierovic' model='34' x='1004.09674' y='222.0' width='60.0' depth='62.0' height='86.0' modelSize='6487'>
    <material name='flltgrey' color='FF050505'/>
    <material name='grey'>
      <texture name='dab kraft zloty' width='150.0' height='112.61262' angle='1.5707964' scale='3.2' image='35'/>
    </material>
    <material name='ltgrey' color='FF050505'/>
    <material name='white' color='FF000000'/>
  </pieceOfFurniture>
  <pieceOfFurniture level='level-16e9273a-e77b-47cc-8403-a084eaf0826d' catalogId='Pastierovic#cabinetWithBasin' name='Kuch - szafka z umywalką' creator='Robert Pastierovic' model='37' x='944.09674' y='222.0' width='60.0' depth='62.0' height='99.0' modelSize='21378'>
    <material name='flltgrey' color='FF050505'/>
    <material name='grey'>
      <texture name='dab kraft zloty' width='150.0' height='112.61262' angle='1.5707964' scale='3.2' image='35'/>
    </material>
    <material name='ltgrey' color='FF050505'/>
    <material name='silver' color='FF050505'/>
    <material name='white' color='FF000000'/>
  </pieceOfFurniture>
  <pieceOfFurniture level='level-16e9273a-e77b-47cc-8403-a084eaf0826d' catalogId='Pastierovic#cabinet' name='Szara szafka' creator='Robert Pastierovic' model='34' x='949.4908' y='374.3695' angle='3.1415927' width='70.0' depth='30.0' height='109.0' modelSize='6487'>
    <material name='flltgrey' color='FF050505'/>
    <material name='grey'>
      <texture name='dab kraft zloty' width='150.0' height='112.61262' angle='1.5707964' image='35'/>
    </material>
    <material name='ltgrey' color='FF050505'/>
    <material name='white' color='FF000000'/>
  </pieceOfFurniture>
  <pieceOfFurniture level='level-16e9273a-e77b-47cc-8403-a084eaf0826d' catalogId='RonnieTantriady#curvedWallOLEDTV' name='Zakrzywiony naścienny TV' creator='RonnieTantriady' model='22/curvedWallOLEDTV.obj' x='393.70557' y='677.276' elevation='90.0' angle='4.712389' width='167.0' depth='13.904053' height='100.0' modelSize='6012'/>
  <pieceOfFurniture level='level-16e9273a-e77b-47cc-8403-a084eaf0826d' catalogId='LucaPresidente#water' name='Muszla' creator='LucaPresidente' model='39/water.obj' x='416.8769' y='166.72314' angle='4.712389' width='36.0' depth='55.69995' height='45.3' modelSize='913841'/>
  <pieceOfFurniture level='level-16e9273a-e77b-47cc-8403-a084eaf0826d' catalogId='LucaPresidente#doccia' name='Kabina prysznicowa' creator='LucaPresidente' model='41/doccia.obj' x='476.67047' y='64.04529' width='161.5' depth='84.0' height='200.0' modelRotation='-1 0 0 0 1 0 0 0 -1' modelSize='152895'/>
  <pieceOfFurniture level='level-16e9273a-e77b-47cc-8403-a084eaf0826d' catalogId='Puybaret#mirror' name='Lustro' creator='Emmanuel Puybaret' model='43/mirror.obj' x='556.1419' y='223.05798' elevation='121.0' angle='1.5707964' width='67.0' depth='3.0' height='100.0' modelSize='7802'/>
  <furnitureGroup level='level-16e9273a-e77b-47cc-8403-a084eaf0826d' name='Łóżko' x='268.54553' y='703.77783' angle='1.5707964' width='258.67688' depth='209.00026' height='105.0'>
    <pieceOfFurniture level='level-16e9273a-e77b-47cc-8403-a084eaf0826d' catalogId='LucaPresidente#comodinoAzzurro' name='Niebieska szafka sypialna' creator='LucaPresidente' model='45/comodinoAzzurro.obj' x='347.59656' y='813.1162' angle='1.5707978' width='40.00002' depth='48.0' height='48.0' modelSize='69091'>
      <material name='Box35_1'>
        <texture name='Drewniana podłoga' creator='eTeks' width='42.5' height='42.5' scale='4.0' image='9'/>
      </material>
      <material name='Box36_2'>
        <texture name='Drewniana podłoga' creator='eTeks' width='42.5' height='42.5' scale='4.0' image='9'/>
      </material>
      <material name='ChamferBox36_3'>
        <texture name='Drewniana podłoga' creator='eTeks' width='42.5' height='42.5' scale='4.0' image='9'/>
      </material>
      <material name='Line63_4' color='00000000'/>
    </pieceOfFurniture>
    <pieceOfFurniture level='level-16e9273a-e77b-47cc-8403-a084eaf0826d' catalogId='LucaPresidente#lettoCiliegio' name='Łóżko wiśniowe' creator='LucaPresidente' model='47/lettoCiliegio.obj' x='268.54553' y='703.72546' angle='1.5707978' width='176.00009' depth='209.0' height='105.0' modelSize='100203'>
      <material name='Box35_2'>
        <texture name='Drewniana podłoga' creator='eTeks' width='42.5' height='42.5' scale='4.0' image='9'/>
      </material>
      <material name='ChamferBox01_1' color='FF000000'/>
    </pieceOfFurniture>
    <pieceOfFurniture level='level-16e9273a-e77b-47cc-8403-a084eaf0826d' catalogId='LucaPresidente#comodinoAzzurro' name='Niebieska szafka sypialna' creator='LucaPresidente' model='45/comodinoAzzurro.obj' x='349.00916' y='594.43945' angle='1.5707978' width='40.00002' depth='48.0' height='48.0' modelSize='69091'>
      <material name='Box35_1'>
        <texture name='Drewniana podłoga' creator='eTeks' width='42.5' height='42.5' scale='4.0' image='9'/>
      </material>
      <material name='Box36_2'>
        <texture name='Drewniana podłoga' creator='eTeks' width='42.5' height='42.5' scale='4.0' image='9'/>
      </material>
      <material name='ChamferBox36_3'>
        <texture name='Drewniana podłoga' creator='eTeks' width='42.5' height='42.5' scale='4.0' image='9'/>
      </material>
      <material name='Line63_4' color='00000000'/>
    </pieceOfFurniture>
  </furnitureGroup>
  <pieceOfFurniture level='level-16e9273a-e77b-47cc-8403-a084eaf0826d' catalogId='eTeks#sofa2' name='Kanapa' creator='eTeks' model='49' x='123.55975' y='69.25409' width='160.0' depth='86.5' height='88.0' modelSize='55383'/>
  <pieceOfFurniture level='level-16e9273a-e77b-47cc-8403-a084eaf0826d' catalogId='LucaPresidente#comoCiliegio' name='Kredens wiśniowy' creator='LucaPresidente' model='51/comoCiliegio.obj' x='1196.5137' y='670.88354' angle='1.5707964' width='180.0' depth='47.400024' height='71.0' modelRotation='0 0 -1 0 1 0 1 0 0' modelSize='44240'>
    <material name='Line41_1'>
      <texture name='Drewniana podłoga' creator='eTeks' catalogId='eTeks#woodenFloor' width='42.5' height='42.5' scale='4.0' image='9'/>
    </material>
  </pieceOfFurniture>
  <furnitureGroup level='level-16e9273a-e77b-47cc-8403-a084eaf0826d' name='Biokominek' x='398.5457' y='495.78275' angle='3.1415927' width='25.000153' depth='89.99988' height='270.0'>
    <pieceOfFurniture level='level-16e9273a-e77b-47cc-8403-a084eaf0826d' catalogId='eTeks#texturableBox' name='Pudło' creator='eTeks' model='8/texturableBox.obj' x='398.54584' y='461.90314' angle='3.1415927' width='24.999798' depth='22.240665' height='270.0' modelSize='1661'>
      <material name='back'>
        <texture name='Szorstki beton' creator='Scopia' catalogId='eTeksScopia#concrete-wall-2' width='100.0' height='100.0' image='54'/>
      </material>
      <material name='bottom'>
        <texture name='Szorstki beton' creator='Scopia' catalogId='eTeksScopia#concrete-wall-2' width='100.0' height='100.0' image='54'/>
      </material>
      <material name='front'>
        <texture name='Szorstki beton' creator='Scopia' catalogId='eTeksScopia#concrete-wall-2' width='100.0' height='100.0' image='54'/>
      </material>
      <material name='left'>
        <texture name='Szorstki beton' creator='Scopia' catalogId='eTeksScopia#concrete-wall-2' width='100.0' height='100.0' image='54'/>
      </material>
      <material name='right'>
        <texture name='Szorstki beton' creator='Scopia' catalogId='eTeksScopia#concrete-wall-2' width='100.0' height='100.0' image='54'/>
      </material>
      <material name='top'>
        <texture name='Szorstki beton' creator='Scopia' catalogId='eTeksScopia#concrete-wall-2' width='100.0' height='100.0' image='54'/>
      </material>
    </pieceOfFurniture>
    <pieceOfFurniture level='level-16e9273a-e77b-47cc-8403-a084eaf0826d' catalogId='eTeks#texturableBox' name='Pudło' creator='eTeks' model='8/texturableBox.obj' x='398.54547' y='503.24738' elevation='100.0' angle='3.1415927' width='24.999798' depth='74.13556' height='170.0' modelSize='1661'>
      <material name='back'>
        <texture name='Szorstki beton' creator='Scopia' catalogId='eTeksScopia#concrete-wall-2' width='100.0' height='100.0' image='54'/>
      </material>
      <material name='bottom'>
        <texture name='Szorstki beton' creator='Scopia' catalogId='eTeksScopia#concrete-wall-2' width='100.0' height='100.0' image='54'/>
      </material>
      <material name='front'>
        <texture name='Szorstki beton' creator='Scopia' catalogId='eTeksScopia#concrete-wall-2' width='100.0' height='100.0' image='54'/>
      </material>
      <material name='left'>
        <texture name='Szorstki beton' creator='Scopia' catalogId='eTeksScopia#concrete-wall-2' width='100.0' height='100.0' image='54'/>
      </material>
      <material name='right'>
        <texture name='Szorstki beton' creator='Scopia' catalogId='eTeksScopia#concrete-wall-2' width='100.0' height='100.0' image='54'/>
      </material>
      <material name='top'>
        <texture name='Szorstki beton' creator='Scopia' catalogId='eTeksScopia#concrete-wall-2' width='100.0' height='100.0' image='54'/>
      </material>
    </pieceOfFurniture>
    <pieceOfFurniture level='level-16e9273a-e77b-47cc-8403-a084eaf0826d' name='model' model='56/model.dae.obj' x='398.54572' y='502.42596' elevation='60.480003' angle='6.5168274E-7' width='24.16647' depth='73.39406' height='40.0' modelSize='124915'/>
    <pieceOfFurniture level='level-16e9273a-e77b-47cc-8403-a084eaf0826d' catalogId='eTeks#texturableBox' name='Pudło' creator='eTeks' model='8/texturableBox.obj' x='398.5456' y='503.7149' angle='3.1415927' width='24.999798' depth='74.13556' height='64.8' modelSize='1661'>
      <material name='back'>
        <texture name='Szorstki beton' creator='Scopia' catalogId='eTeksScopia#concrete-wall-2' width='100.0' height='100.0' image='54'/>
      </material>
      <material name='bottom'>
        <texture name='Szorstki beton' creator='Scopia' catalogId='eTeksScopia#concrete-wall-2' width='100.0' height='100.0' image='54'/>
      </material>
      <material name='front'>
        <texture name='Szorstki beton' creator='Scopia' catalogId='eTeksScopia#concrete-wall-2' width='100.0' height='100.0' image='54'/>
      </material>
      <material name='left'>
        <texture name='Szorstki beton' creator='Scopia' catalogId='eTeksScopia#concrete-wall-2' width='100.0' height='100.0' image='54'/>
      </material>
      <material name='right'>
        <texture name='Szorstki beton' creator='Scopia' catalogId='eTeksScopia#concrete-wall-2' width='100.0' height='100.0' image='54'/>
      </material>
      <material name='top'>
        <texture name='Szorstki beton' creator='Scopia' catalogId='eTeksScopia#concrete-wall-2' width='100.0' height='100.0' image='54'/>
      </material>
    </pieceOfFurniture>
  </furnitureGroup>
  <pieceOfFurniture level='level-16e9273a-e77b-47cc-8403-a084eaf0826d' name='Monstera' model='58/model.dae.obj' x='421.2364' y='810.44904' angle='1.5707964' width='63.0' depth='64.0' height='140.0' modelSize='9183662'>
    <material name='edge_color544231255' color='00000000'/>
    <material name='edge_color8710861255' color='00000000'/>
    <material name='edge_color886548255' color='00000000'/>
    <material name='fixture' color='FF000000'/>
    <material name='terracotta1' color='FF000000'/>
    <material name='zand1' color='FF000000'/>
    <material name='zand1_0' color='FF000000'/>
  </pieceOfFurniture>
  <furnitureGroup level='level-16e9273a-e77b-47cc-8403-a084eaf0826d' name='Światła nad bufetem' x='974.4577' y='386.06244' elevation='177.0' angle='1.5708207' width='5.0' depth='155.00012' height='5.0'>
    <light level='level-16e9273a-e77b-47cc-8403-a084eaf0826d' catalogId='eTeks#halogenLightSource' name='Halogenowe źródło światła' creator='eTeks' model='60' x='1049.4576' y='386.06427' elevation='177.0' angle='1.5708207' width='5.0' depth='5.0' height='5.0' modelSize='1286' horizontallyRotatable='false' deformable='false' texturable='false'/>
    <light level='level-16e9273a-e77b-47cc-8403-a084eaf0826d' catalogId='eTeks#halogenLightSource' name='Halogenowe źródło światła' creator='eTeks' model='60' x='999.4577' y='386.06305' elevation='177.0' angle='1.5708207' width='5.0' depth='5.0' height='5.0' modelSize='1286' horizontallyRotatable='false' deformable='false' texturable='false'/>
    <light level='level-16e9273a-e77b-47cc-8403-a084eaf0826d' catalogId='eTeks#halogenLightSource' name='Halogenowe źródło światła' creator='eTeks' model='60' x='949.45764' y='386.06183' elevation='177.0' angle='1.5708207' width='5.0' depth='5.0' height='5.0' modelSize='1286' horizontallyRotatable='false' deformable='false' texturable='false'/>
    <light level='level-16e9273a-e77b-47cc-8403-a084eaf0826d' catalogId='eTeks#halogenLightSource' name='Halogenowe źródło światła' creator='eTeks' model='60' x='899.45764' y='386.0606' elevation='177.0' angle='1.5708207' width='5.0' depth='5.0' height='5.0' modelSize='1286' horizontallyRotatable='false' deformable='false' texturable='false'/>
  </furnitureGroup>
  <furnitureGroup level='level-16e9273a-e77b-47cc-8403-a084eaf0826d' name='Lampy nad bufetem' x='974.48334' y='386.00345' elevation='175.0' angle='1.5707964' width='10.0000305' depth='159.90002' height='75.0'>
    <pieceOfFurniture level='level-16e9273a-e77b-47cc-8403-a084eaf0826d' name='Lampa 2' model='63/model.dae.obj' x='1049.4833' y='386.00348' elevation='175.0' angle='1.5707964' width='10.0' depth='9.900001' height='75.0' shininess='0.5' modelSize='136229'>
      <material name='edge_color000255' color='00000000'/>
      <material name='material_4' color='FF000000'/>
    </pieceOfFurniture>
    <pieceOfFurniture level='level-16e9273a-e77b-47cc-8403-a084eaf0826d' name='Lampa 2' model='63/model.dae.obj' x='999.48334' y='386.00348' elevation='175.0' angle='1.5707964' width='10.0' depth='9.900001' height='75.0' shininess='0.5' modelSize='136229'>
      <material name='edge_color000255' color='00000000'/>
      <material name='material_4' color='FF000000'/>
    </pieceOfFurniture>
    <pieceOfFurniture level='level-16e9273a-e77b-47cc-8403-a084eaf0826d' name='Lampa 2' model='63/model.dae.obj' x='949.48334' y='386.00348' elevation='175.0' angle='1.5707964' width='10.0' depth='9.900001' height='75.0' shininess='0.5' modelSize='136229'>
      <material name='edge_color000255' color='00000000'/>
      <material name='material_4' color='FF000000'/>
    </pieceOfFurniture>
    <pieceOfFurniture level='level-16e9273a-e77b-47cc-8403-a084eaf0826d' name='Lampa 2' model='63/model.dae.obj' x='899.48334' y='386.00348' elevation='175.0' angle='1.5707964' width='10.0' depth='9.900001' height='75.0' shininess='0.5' modelSize='136229'>
      <material name='edge_color000255' color='00000000'/>
      <material name='material_4' color='FF000000'/>
    </pieceOfFurniture>
  </furnitureGroup>
  <pieceOfFurniture level='level-16e9273a-e77b-47cc-8403-a084eaf0826d' name='lampa stołowa 1' model='65/model.dae.obj' x='970.8792' y='663.08765' elevation='148.0' angle='3.1415935' width='129.57007' depth='11.781372' height='139.8197' modelSize='2795568'>
    <material name='edge_color000255' color='00000000'/>
    <material name='edge_color1218043255' color='00000000'/>
    <material name='edge_color218222229255' color='00000000'/>
    <material name='edge_color245245245255' color='00000000'/>
    <material name='edge_color303030255' color='00000000'/>
    <material name='edge_color434343255' color='00000000'/>
    <material name='metal_corrogated_shiny' color='FF000000' shininess='0.0'/>
    <material name='metal_corrogated_shiny_1' color='FF000000' shininess='0.0'/>
    <material name='metal_corrogated_shiny_114' color='FF000000' shininess='0.0'/>
    <material name='metal_corrogated_shiny_1_118' color='FF000000' shininess='0.0'/>
  </pieceOfFurniture>
  <furnitureGroup level='level-16e9273a-e77b-47cc-8403-a084eaf0826d' name='Światła nad stołem' x='970.3948' y='662.97656' elevation='147.5' angle='1.5707788' width='7.0043945' depth='124.19922' height='30.5'>
    <light level='level-16e9273a-e77b-47cc-8403-a084eaf0826d' catalogId='eTeks#lightSource' name='Białe źródło światła' creator='eTeks' model='60' x='1029.7444' y='663.72766' elevation='172.0' angle='1.5707788' width='5.5' depth='5.499997' height='5.5' modelSize='1286' horizontallyRotatable='false' deformable='false' texturable='false'/>
    <light level='level-16e9273a-e77b-47cc-8403-a084eaf0826d' catalogId='eTeks#lightSource' name='Białe źródło światła' creator='eTeks' model='60' x='1005.60364' y='662.97375' elevation='152.5' angle='1.5707788' width='7.0' depth='6.9999967' height='7.0' modelSize='1286' horizontallyRotatable='false' deformable='false' texturable='false'/>
    <light level='level-16e9273a-e77b-47cc-8403-a084eaf0826d' catalogId='eTeks#lightSource' name='Białe źródło światła' creator='eTeks' model='60' x='981.08575' y='663.3513' elevation='147.5' angle='1.5707788' width='6.0' depth='5.999997' height='6.0' modelSize='1286' horizontallyRotatable='false' deformable='false' texturable='false'/>
    <light level='level-16e9273a-e77b-47cc-8403-a084eaf0826d' catalogId='eTeks#lightSource' name='Białe źródło światła' creator='eTeks' model='60' x='959.5855' y='663.3518' elevation='167.0' angle='1.5707788' width='2.0' depth='1.999999' height='2.0' modelSize='1286' horizontallyRotatable='false' deformable='false' texturable='false'/>
    <light level='level-16e9273a-e77b-47cc-8403-a084eaf0826d' catalogId='eTeks#lightSource' name='Białe źródło światła' creator='eTeks' model='60' x='934.69025' y='663.3522' elevation='175.0' angle='1.5707788' width='3.0' depth='2.9999986' height='3.0' modelSize='1286' horizontallyRotatable='false' deformable='false' texturable='false'/>
    <light level='level-16e9273a-e77b-47cc-8403-a084eaf0826d' catalogId='eTeks#lightSource' name='Białe źródło światła' creator='eTeks' model='60' x='909.7952' y='662.22107' elevation='158.0' angle='1.5707788' width='3.0' depth='2.9999986' height='3.0' modelSize='1286' horizontallyRotatable='false' deformable='false' texturable='false'/>
  </furnitureGroup>
  <pieceOfFurniture level='level-16e9273a-e77b-47cc-8403-a084eaf0826d' catalogId='eTeks#slidingDoors' name='Drzwi przesuwne' creator='eTeks' model='68' x='294.713' y='145.1724' angle='1.5707964' width='246.0' depth='5.5' height='270.0' modelSize='6835' movable='false'>
    <material name='white' shininess='1.0'/>
  </pieceOfFurniture>
  <pieceOfFurniture level='level-16e9273a-e77b-47cc-8403-a084eaf0826d' catalogId='eTeks#washbasin' name='Umywalka' creator='eTeks' model='70' x='536.6419' y='222.52979' elevation='31.5' angle='1.5707964' width='56.0' depth='40.0' height='90.0' modelSize='239991' movable='false'/>
  <pieceOfFurniture level='level-16e9273a-e77b-47cc-8403-a084eaf0826d' catalogId='eTeks#washbasin' name='Łaz2 - Umywalka' creator='eTeks' model='70' x='1367.2311' y='369.73483' elevation='9.0' angle='3.1415927' width='45.0' depth='38.0' height='105.0' modelSize='239991'/>
  <pieceOfFurniture level='level-16e9273a-e77b-47cc-8403-a084eaf0826d' catalogId='LucaPresidente#water' name='Łaz2 - Muszla' creator='LucaPresidente' model='39/water.obj' x='1494.1498' y='328.87506' angle='1.5707964' width='36.0' depth='55.700195' height='45.3' modelSize='913841'/>
  <pieceOfFurniture level='level-16e9273a-e77b-47cc-8403-a084eaf0826d' catalogId='OlaKristianHoff#shower_cabin' name='Łaz2 - Kabina prysznicowa' creator='Ola-Kristian Hoff' model='72/shower_cabin.obj' x='1463.7373' y='234.60596' angle='0.002640796' width='89.999825' depth='89.99995' height='199.0' modelSize='88727'/>
  <pieceOfFurniture level='level-16e9273a-e77b-47cc-8403-a084eaf0826d' catalogId='eTeks#texturableBox' name='Łaz - Geberit' creator='eTeks' model='8/texturableBox.obj' x='376.52692' y='166.93347' angle='3.1415927' width='25.0' depth='120.0' height='120.0' modelSize='1661'>
    <material name='back'>
      <texture name='Ciemne ceramiczne kafelki' creator='Scopia' catalogId='eTeksScopia#dark-ceramic-tiles' width='100.0' height='100.0' scale='0.05' image='73'/>
    </material>
    <material name='bottom'>
      <texture name='Ciemne ceramiczne kafelki' creator='Scopia' catalogId='eTeksScopia#dark-ceramic-tiles' width='100.0' height='100.0' scale='0.05' image='73'/>
    </material>
    <material name='front'>
      <texture name='Ciemne ceramiczne kafelki' creator='Scopia' catalogId='eTeksScopia#dark-ceramic-tiles' width='100.0' height='100.0' scale='0.05' image='73'/>
    </material>
    <material name='left'>
      <texture name='Ciemne ceramiczne kafelki' creator='Scopia' catalogId='eTeksScopia#dark-ceramic-tiles' width='100.0' height='100.0' scale='0.05' image='73'/>
    </material>
    <material name='right'>
      <texture name='Ciemne ceramiczne kafelki' creator='Scopia' catalogId='eTeksScopia#dark-ceramic-tiles' width='100.0' height='100.0' scale='0.05' image='73'/>
    </material>
    <material name='top' color='FF0F0F0F'/>
  </pieceOfFurniture>
  <pieceOfFurniture level='level-16e9273a-e77b-47cc-8403-a084eaf0826d' catalogId='eTeks#texturableBox' name='Łaz - Szafka' creator='eTeks' model='8/texturableBox.obj' x='535.2247' y='217.22308' elevation='15.0' angle='1.5707964' width='103.0' depth='44.0' height='70.0' modelSize='1661'>
    <material name='back'>
      <texture name='Dąb' creator='Emmanuel Puybaret' catalogId='Puybaret#oak' width='40.0' height='80.0' image='74'/>
    </material>
    <material name='bottom'>
      <texture name='Dąb' creator='Emmanuel Puybaret' catalogId='Puybaret#oak' width='40.0' height='80.0' image='74'/>
    </material>
    <material name='front'>
      <texture name='Dąb' creator='Emmanuel Puybaret' catalogId='Puybaret#oak' width='40.0' height='80.0' image='74'/>
    </material>
    <material name='left'>
      <texture name='Dąb' creator='Emmanuel Puybaret' catalogId='Puybaret#oak' width='40.0' height='80.0' image='74'/>
    </material>
    <material name='right'>
      <texture name='Dąb' creator='Emmanuel Puybaret' catalogId='Puybaret#oak' width='40.0' height='80.0' image='74'/>
    </material>
    <material name='top' color='FF1C1C1C'/>
  </pieceOfFurniture>
  <pieceOfFurniture level='level-16e9273a-e77b-47cc-8403-a084eaf0826d' catalogId='eTeks#texturableBox' name='Łaz - Słupek' creator='eTeks' model='8/texturableBox.obj' x='382.43903' y='247.93347' angle='1.5707964' width='42.0' depth='35.0' height='240.0' modelSize='1661'>
    <material name='back'>
      <texture name='Dąb' creator='Emmanuel Puybaret' catalogId='Puybaret#oak' width='40.0' height='80.0' image='74'/>
    </material>
    <material name='bottom'>
      <texture name='Dąb' creator='Emmanuel Puybaret' catalogId='Puybaret#oak' width='40.0' height='80.0' image='74'/>
    </material>
    <material name='front'>
      <texture name='Dąb' creator='Emmanuel Puybaret' catalogId='Puybaret#oak' width='40.0' height='80.0' image='74'/>
    </material>
    <material name='left'>
      <texture name='Dąb' creator='Emmanuel Puybaret' catalogId='Puybaret#oak' width='40.0' height='80.0' image='74'/>
    </material>
    <material name='right'>
      <texture name='Dąb' creator='Emmanuel Puybaret' catalogId='Puybaret#oak' width='40.0' height='80.0' image='74'/>
    </material>
    <material name='top'>
      <texture name='Dąb' creator='Emmanuel Puybaret' catalogId='Puybaret#oak' width='40.0' height='80.0' image='74'/>
    </material>
  </pieceOfFurniture>
  <pieceOfFurniture level='level-16e9273a-e77b-47cc-8403-a084eaf0826d' catalogId='eTeks#texturableBox' name='Łaz - Szafka wisząca' creator='eTeks' model='8/texturableBox.obj' x='378.31696' y='166.85742' elevation='150.0' angle='4.712389' width='120.0' depth='25.0' height='90.0' modelSize='1661'>
    <material name='back' color='FFD3D3D3' shininess='1.0'/>
    <material name='bottom' color='FFD3D3D3' shininess='1.0'/>
    <material name='front' color='FFD3D3D3' shininess='1.0'/>
    <material name='left' color='FFD3D3D3' shininess='1.0'/>
    <material name='right' color='FFD3D3D3' shininess='1.0'/>
    <material name='top' color='FFD3D3D3' shininess='1.0'/>
  </pieceOfFurniture>
  <pieceOfFurniture level='level-16e9273a-e77b-47cc-8403-a084eaf0826d' catalogId='Snduc#radiateur' name='Grzejnik' creator='Snduc' model='76' x='553.69073' y='138.70972' elevation='80.0' angle='1.5707964' width='50.19995' depth='6.0' height='100.0' color='FF303030' modelRotation='0 0 1 0 1 0 -1 0 0' modelSize='67845' movable='false'/>
  <pieceOfFurniture level='level-16e9273a-e77b-47cc-8403-a084eaf0826d' catalogId='eTeks#texturableBox' name='Łaz2 - Geberit' creator='eTeks' model='8/texturableBox.obj' x='1531.9999' y='334.0194' angle='1.5707982' width='110.5' depth='20.0' height='120.0' modelSize='1661'/>
  <pieceOfFurniture level='level-16e9273a-e77b-47cc-8403-a084eaf0826d' catalogId='eTeks#clothesWasher' name='Łaz2 - Pralka' creator='eTeks' model='78' x='1348.904' y='222.7378' width='60.0' depth='62.0' height='85.0' modelSize='24815'/>
  <pieceOfFurniture level='level-16e9273a-e77b-47cc-8403-a084eaf0826d' catalogId='eTeks#texturableBox' name='Łaz2 - Szafka pralka' creator='eTeks' model='8/texturableBox.obj' x='1349.635' y='220.0' angle='3.1415927' width='65.0' depth='60.0' height='200.0' modelSize='1661'>
    <material name='back'>
      <texture name='Lekkie drewno' creator='Ola-Kristian Hoff' catalogId='OlaKristianHoff#light_wood' width='20.0' height='20.0' image='79'/>
    </material>
    <material name='bottom'>
      <texture name='Lekkie drewno' creator='Ola-Kristian Hoff' catalogId='OlaKristianHoff#light_wood' width='20.0' height='20.0' image='79'/>
    </material>
    <material name='front'>
      <texture name='Lekkie drewno' creator='Ola-Kristian Hoff' catalogId='OlaKristianHoff#light_wood' width='20.0' height='20.0' image='79'/>
    </material>
    <material name='left'>
      <texture name='Lekkie drewno' creator='Ola-Kristian Hoff' catalogId='OlaKristianHoff#light_wood' width='20.0' height='20.0' image='79'/>
    </material>
    <material name='right'>
      <texture name='Lekkie drewno' creator='Ola-Kristian Hoff' catalogId='OlaKristianHoff#light_wood' width='20.0' height='20.0' image='79'/>
    </material>
    <material name='top'>
      <texture name='Lekkie drewno' creator='Ola-Kristian Hoff' catalogId='OlaKristianHoff#light_wood' width='20.0' height='20.0' image='79'/>
    </material>
  </pieceOfFurniture>
  <pieceOfFurniture level='level-16e9273a-e77b-47cc-8403-a084eaf0826d' catalogId='eTeks#texturableBox' name='Łaz2 - Szafka pralka' creator='eTeks' model='8/texturableBox.obj' x='1368.174' y='375.0' elevation='5.0' width='100.0' depth='30.0' height='67.0' modelSize='1661'>
    <material name='back'>
      <texture name='Lekkie drewno' creator='Ola-Kristian Hoff' catalogId='OlaKristianHoff#light_wood' width='20.0' height='20.0' image='79'/>
    </material>
    <material name='bottom'>
      <texture name='Lekkie drewno' creator='Ola-Kristian Hoff' catalogId='OlaKristianHoff#light_wood' width='20.0' height='20.0' image='79'/>
    </material>
    <material name='front'>
      <texture name='Lekkie drewno' creator='Ola-Kristian Hoff' catalogId='OlaKristianHoff#light_wood' width='20.0' height='20.0' image='79'/>
    </material>
    <material name='left'>
      <texture name='Lekkie drewno' creator='Ola-Kristian Hoff' catalogId='OlaKristianHoff#light_wood' width='20.0' height='20.0' image='79'/>
    </material>
    <material name='right'>
      <texture name='Lekkie drewno' creator='Ola-Kristian Hoff' catalogId='OlaKristianHoff#light_wood' width='20.0' height='20.0' image='79'/>
    </material>
    <material name='top'>
      <texture name='Lekkie drewno' creator='Ola-Kristian Hoff' catalogId='OlaKristianHoff#light_wood' width='20.0' height='20.0' image='79'/>
    </material>
  </pieceOfFurniture>
  <pieceOfFurniture level='level-16e9273a-e77b-47cc-8403-a084eaf0826d' catalogId='Pastierovic#upperCabinet' name='Kuch - Górna szafka' creator='Robert Pastierovic' model='81' x='873.7345' y='212.46646' elevation='165.0' width='40.0' depth='45.0' height='80.0' modelSize='3577'>
    <material name='flltgrey' color='00000000'/>
    <material name='grey' color='FF050505' shininess='0.0'/>
    <material name='ltgrey' color='00000000'/>
    <material name='white'>
      <texture name='dab kraft zloty' width='150.0' height='112.61262' angle='1.5707964' image='35'/>
    </material>
  </pieceOfFurniture>
  <pieceOfFurniture level='level-16e9273a-e77b-47cc-8403-a084eaf0826d' catalogId='Pastierovic#upperCabinet' name='Kuch - Górna szafka' creator='Robert Pastierovic' model='81' x='1043.7345' y='212.46646' elevation='165.0' width='60.0' depth='45.0' height='80.0' modelSize='3577'>
    <material name='flltgrey' color='00000000'/>
    <material name='grey' color='FF050505' shininess='0.0'/>
    <material name='ltgrey' color='00000000'/>
    <material name='white'>
      <texture name='dab kraft zloty' width='150.0' height='112.61262' angle='1.5707964' image='35'/>
    </material>
  </pieceOfFurniture>
  <pieceOfFurniture level='level-16e9273a-e77b-47cc-8403-a084eaf0826d' catalogId='Omari#oven' name='Piekarnik' creator='Ben Omari' model='83/oven_Scene.obj' x='1064.0967' y='222.20001' elevation='10.0' width='60.0' depth='62.400024' height='76.0' modelSize='6704'>
    <material name='Aluminum' color='FF212121'/>
  </pieceOfFurniture>
  <furnitureGroup level='level-16e9273a-e77b-47cc-8403-a084eaf0826d' name='Stół i krzesła' x='967.9558' y='662.9912' angle='3.1415932' width='180.0' depth='132.67163' height='80.0'>
    <pieceOfFurniture level='level-16e9273a-e77b-47cc-8403-a084eaf0826d' catalogId='eTeks#table' name='Prostokątny stół' creator='eTeks' model='85' x='967.95575' y='662.92554' angle='3.1415946' width='180.0' depth='90.0' height='74.0' modelSize='5486'>
      <material name='black'>
        <texture name='Dąb' creator='Emmanuel Puybaret' catalogId='Puybaret#oak' width='40.0' height='80.0' image='74'/>
      </material>
      <material name='lighttannew' color='FF000000'/>
    </pieceOfFurniture>
    <pieceOfFurniture level='level-16e9273a-e77b-47cc-8403-a084eaf0826d' catalogId='eTeks#chair2' name='Krzesło' creator='eTeks' model='87' x='1031.582' y='623.57886' angle='3.1630145E-6' width='48.600002' depth='49.9' height='80.0' modelSize='16429'>
      <material name='flltgrey' color='FFC5C5C5' shininess='1.0'/>
      <material name='fltan' color='FF000000'/>
    </pieceOfFurniture>
    <pieceOfFurniture level='level-16e9273a-e77b-47cc-8403-a084eaf0826d' catalogId='eTeks#chair2' name='Krzesło' creator='eTeks' model='87' x='967.5279' y='621.60547' angle='3.1630145E-6' width='48.600002' depth='49.9' height='80.0' modelSize='16429'>
      <material name='flltgrey' color='FFC5C5C5' shininess='1.0'/>
      <material name='fltan' color='FF000000'/>
    </pieceOfFurniture>
    <pieceOfFurniture level='level-16e9273a-e77b-47cc-8403-a084eaf0826d' catalogId='eTeks#chair2' name='Krzesło' creator='eTeks' model='87' x='906.82806' y='623.8176' angle='3.1630145E-6' width='48.600002' depth='49.9' height='80.0' modelSize='16429'>
      <material name='flltgrey' color='FFC5C5C5' shininess='1.0'/>
      <material name='fltan' color='FF000000'/>
    </pieceOfFurniture>
    <pieceOfFurniture level='level-16e9273a-e77b-47cc-8403-a084eaf0826d' catalogId='eTeks#chair2' name='Krzesło' creator='eTeks' model='87' x='1031.657' y='700.999' angle='3.1415946' width='48.600002' depth='49.9' height='80.0' modelSize='16429'>
      <material name='flltgrey' color='FFC5C5C5' shininess='1.0'/>
      <material name='fltan' color='FF000000'/>
    </pieceOfFurniture>
    <pieceOfFurniture level='level-16e9273a-e77b-47cc-8403-a084eaf0826d' catalogId='eTeks#chair2' name='Krzesło' creator='eTeks' model='87' x='969.6954' y='699.02563' angle='3.1415946' width='48.600002' depth='49.9' height='80.0' modelSize='16429'>
      <material name='flltgrey' color='FFC5C5C5' shininess='1.0'/>
      <material name='fltan' color='FF000000'/>
    </pieceOfFurniture>
    <pieceOfFurniture level='level-16e9273a-e77b-47cc-8403-a084eaf0826d' catalogId='eTeks#chair2' name='Krzesło' creator='eTeks' model='87' x='904.8101' y='704.37695' angle='3.1415946' width='48.600002' depth='49.9' height='80.0' modelSize='16429'>
      <material name='flltgrey' color='FFC5C5C5' shininess='1.0'/>
      <material name='fltan' color='FF000000'/>
    </pieceOfFurniture>
  </furnitureGroup>
  <pieceOfFurniture level='level-16e9273a-e77b-47cc-8403-a084eaf0826d' catalogId='Blend Swap CC-0#wardrobeWithSlidingDoors' name='Garderoba' creator='Ashaihullin' model='89/wardrobeWithSlidingDoors.obj' x='140.5' y='434.71375' width='197.0' depth='59.0' height='236.40001' modelSize='52450'>
    <material name='Box'>
      <texture name='Drewniana podłoga' creator='eTeks' width='42.5' height='42.5' scale='4.0' image='9'/>
    </material>
  </pieceOfFurniture>
  <pieceOfFurniture level='level-16e9273a-e77b-47cc-8403-a084eaf0826d' catalogId='LucaPresidente#scrivania160W' name='Biurko' creator='LucaPresidente' model='13/scrivania160W.obj' x='62.955597' y='594.2933' angle='4.712389' width='90.0' depth='40.0' height='72.0' modelSize='21321'>
    <material name='Box34_4'>
      <texture name='Drewniana podłoga' creator='eTeks' catalogId='eTeks#woodenFloor' width='42.5' height='42.5' scale='4.0' image='9'/>
    </material>
    <material name='Loft02_1' color='FF000000'/>
  </pieceOfFurniture>
  <pieceOfFurniture level='level-16e9273a-e77b-47cc-8403-a084eaf0826d' catalogId='Blend Swap CC-0#thonet' name='Krzesło' creator='JoelEapen' model='91/thonet.obj' x='81.49817' y='593.9081' angle='1.5707964' width='54.69995' depth='57.69995' height='75.4' modelSize='219540'/>
  <pieceOfFurniture level='level-16e9273a-e77b-47cc-8403-a084eaf0826d' catalogId='Puybaret#ovalMirror' name='Lustro owalne' creator='Emmanuel Puybaret' model='93/ovalMirror.obj' x='44.04532' y='596.0345' elevation='71.0' angle='4.712389' width='60.0' depth='1.0' height='80.0' modelSize='60290'>
    <material name='black' color='FF000000'/>
    <material name='white' color='FF000000'/>
  </pieceOfFurniture>
  <pieceOfFurniture level='level-16e9273a-e77b-47cc-8403-a084eaf0826d' catalogId='Puybaret#mirror' name='Lustro' creator='Emmanuel Puybaret' model='43/mirror.obj' x='1366.29' y='388.5854' elevation='100.0' angle='3.1415927' width='50.0' depth='0.5' height='80.0' modelSize='7802'/>
  <pieceOfFurniture level='level-16e9273a-e77b-47cc-8403-a084eaf0826d' catalogId='eTeks#curtains' name='Karnisz' creator='eTeks' model='95/curtains.obj' x='207.1164' y='838.5' elevation='5.0' angle='3.1415927' width='200.0' depth='15.0' height='255.0' modelSize='38679'>
    <material name='Junction' color='FF000000'/>
    <material name='Left' color='FFA9A9A9'/>
    <material name='Right' color='FFA9A9A9'/>
    <material name='Rod' color='FF000000'/>
  </pieceOfFurniture>
  <pieceOfFurniture level='level-16e9273a-e77b-47cc-8403-a084eaf0826d' catalogId='eTeks#curtains' name='Karnisz' creator='eTeks' model='95/curtains.obj' x='49.500008' y='730.1948' elevation='5.0' angle='4.712389' width='150.0' depth='15.0' height='255.0' modelSize='38679'>
    <material name='Junction' color='FF000000'/>
    <material name='Left' color='FFA9A9A9'/>
    <material name='Right' color='FFA9A9A9'/>
    <material name='Rod' color='FF000000'/>
  </pieceOfFurniture>
  <pieceOfFurniture level='level-16e9273a-e77b-47cc-8403-a084eaf0826d' catalogId='eTeks#curtains' name='Karnisz' creator='eTeks' model='95/curtains.obj' x='49.500008' y='298.6247' elevation='5.0' angle='4.712389' width='180.0' depth='15.0' height='255.0' modelSize='38679'>
    <material name='Junction' color='FF000000'/>
    <material name='Left' color='FF767676'/>
    <material name='Right' color='FF767676'/>
    <material name='Rod' color='FF000000'/>
  </pieceOfFurniture>
  <pieceOfFurniture level='level-16e9273a-e77b-47cc-8403-a084eaf0826d' catalogId='Puybaret#VeniceFrame' name='Rama Wenecja' creator='Emmanuel Puybaret' model='97/VeniceFrame.obj' x='125.83563' y='23.35138' elevation='140.0' angle='1.0172527E-6' width='120.0' depth='2.6123047' height='78.20408' modelSize='23548'>
    <material name='Aluminium' color='FF000000'/>
    <material name='Material.001' color='FFA9A9A9'/>
  </pieceOfFurniture>
  <pieceOfFurniture level='level-16e9273a-e77b-47cc-8403-a084eaf0826d' catalogId='eTeks#curtains' name='Karnisz' creator='eTeks' model='95/curtains.obj' x='1085.2137' y='838.4999' elevation='5.0' angle='3.1415935' width='270.00012' depth='15.0' height='255.0' modelSize='38679'>
    <material name='Junction' color='FF000000'/>
    <material name='Left' color='FFA9A9A9'/>
    <material name='Right' color='FFA9A9A9'/>
    <material name='Rod' color='FF000000'/>
  </pieceOfFurniture>
  <pieceOfFurniture level='level-16e9273a-e77b-47cc-8403-a084eaf0826d' catalogId='eTeks#curtains' name='Karnisz' creator='eTeks' model='95/curtains.obj' x='506.7022' y='838.4999' elevation='5.0' angle='3.1415937' width='200.0' depth='15.0' height='255.0' modelSize='38679'>
    <material name='Junction' color='FF000000'/>
    <material name='Left' color='FFA9A9A9'/>
    <material name='Right' color='FFA9A9A9'/>
    <material name='Rod' color='FF000000'/>
  </pieceOfFurniture>
  <pieceOfFurniture level='level-16e9273a-e77b-47cc-8403-a084eaf0826d' catalogId='eTeks#curtains' name='Karnisz' creator='eTeks' model='95/curtains.obj' x='1407.5522' y='838.49805' elevation='5.0' angle='3.1415749' width='220.00024' depth='15.0' height='255.0' modelSize='38679'>
    <material name='Junction' color='FF000000'/>
    <material name='Left' color='FFE6E6E6'/>
    <material name='Right' color='FFE6E6E6'/>
    <material name='Rod' color='FF000000'/>
  </pieceOfFurniture>
  <pieceOfFurniture level='level-16e9273a-e77b-47cc-8403-a084eaf0826d' catalogId='Blend Swap CC-0#wardrobeWithSlidingDoors' name='Garderoba' creator='Ashaihullin' model='89/wardrobeWithSlidingDoors.obj' x='604.03503' y='145.61096' angle='4.712389' width='244.4251' depth='64.73364' height='270.5' modelSize='52450'>
    <material name='Box' color='FFFFFFFF'/>
  </pieceOfFurniture>
  <pieceOfFurniture level='level-16e9273a-e77b-47cc-8403-a084eaf0826d' catalogId='Pencilart#throwPillow' name='Poduszka' creator='Pencilart' model='99/throwPillow.obj' x='358.79486' y='667.1177' elevation='64.61539' angle='1.5707964' width='40.0' depth='17.0' height='40.0' modelRotation='1 0 0 0 0.9396926 0.34202018 0 -0.34202018 0.9396926' modelSize='206189'>
    <material name='circulargreen' color='FF000000'/>
  </pieceOfFurniture>
  <pieceOfFurniture level='level-16e9273a-e77b-47cc-8403-a084eaf0826d' catalogId='Pencilart#throwPillow' name='Poduszka' creator='Pencilart' model='99/throwPillow.obj' x='358.50336' y='742.33154' elevation='64.6' angle='1.5707964' width='40.0' depth='17.0' height='40.0' modelRotation='1 0 0 0 0.9396926 0.34202018 0 -0.34202018 0.9396926' modelSize='206189'>
    <material name='circulargreen' color='FF000000'/>
  </pieceOfFurniture>
  <pieceOfFurniture level='level-16e9273a-e77b-47cc-8403-a084eaf0826d' catalogId='Pencilart#throwPillow' name='Poduszka' creator='Pencilart' model='99/throwPillow.obj' x='353.38812' y='705.92346' elevation='64.6' angle='1.5707964' width='40.0' depth='17.0' height='40.0' modelRotation='1 0 0 0 0.9396926 0.34202018 0 -0.34202018 0.9396926' modelSize='206189'>
    <material name='circulargreen' color='FF333333'/>
  </pieceOfFurniture>
  <pieceOfFurniture level='level-16e9273a-e77b-47cc-8403-a084eaf0826d' catalogId='Blend Swap CC-0#wardrobeWithSlidingDoors' name='Garderoba' creator='Ashaihullin' model='89/wardrobeWithSlidingDoors.obj' x='1509.5' y='480.21472' angle='1.5707964' width='150.0' depth='65.0' height='236.40001' modelSize='52450'>
    <material name='Box' shininess='0.3828125'>
      <texture name='Brzoza' creator='Emmanuel Puybaret' catalogId='Puybaret#birch' width='40.0' height='80.0' image='18'/>
    </material>
    <material name='Door_Borders' color='FFCECECE'/>
    <material name='Door_Reflect_Left'>
      <texture name='Brzoza' creator='Emmanuel Puybaret' catalogId='Puybaret#birch' width='40.0' height='80.0' image='18'/>
    </material>
  </pieceOfFurniture>
  <pieceOfFurniture level='level-16e9273a-e77b-47cc-8403-a084eaf0826d' catalogId='LucaPresidente#comodinoAzzurro' name='Niebieska szafka sypialna' creator='LucaPresidente' model='45/comodinoAzzurro.obj' x='1273.8755' y='804.2125' angle='4.712389' width='40.0' depth='48.0' height='48.0' modelSize='69091'>
    <material name='Box35_1'>
      <texture name='Brzoza' creator='Emmanuel Puybaret' catalogId='Puybaret#birch' width='40.0' height='80.0' scale='4.0' image='18'/>
    </material>
    <material name='Box36_2'>
      <texture name='Brzoza' creator='Emmanuel Puybaret' catalogId='Puybaret#birch' width='40.0' height='80.0' scale='4.0' image='18'/>
    </material>
    <material name='ChamferBox36_3'>
      <texture name='Brzoza' creator='Emmanuel Puybaret' catalogId='Puybaret#birch' width='40.0' height='80.0' scale='4.0' image='18'/>
    </material>
    <material name='Line63_4' color='00000000'/>
  </pieceOfFurniture>
  <pieceOfFurniture level='level-16e9273a-e77b-47cc-8403-a084eaf0826d' catalogId='eTeks#sofa2' name='Kanapa' creator='eTeks' model='49' x='1277.1528' y='667.80676' angle='4.712389' width='200.0' depth='86.5' height='88.0' color='FF8E096F' modelSize='55383'/>
  <pieceOfFurniture level='level-16e9273a-e77b-47cc-8403-a084eaf0826d' name='sofa+Milao+em+L+DITcasa' model='101/model.dae' x='654.5945' y='654.861' angle='3.1415927' width='200.0' depth='319.0' height='74.445915' modelMirrored='true' modelSize='1288786'>
    <material name='Chair_Steel' color='FF000000'/>
    <material name='edge_color222223206255' color='00000000'/>
    <material name='edge_color644231255' color='00000000'/>
    <material name='material_15' color='FF2C2C2C'/>
    <material name='material_15_0' color='FF2C2C2C'/>
  </pieceOfFurniture>
  <pieceOfFurniture level='level-16e9273a-e77b-47cc-8403-a084eaf0826d' catalogId='PeterSmolik#officeChair3' name='Fotel biurowy' creator='Peter Smolik' model='11/officeChair3.obj' x='1497.8628' y='761.5869' angle='4.712389' width='55.899902' depth='56.399902' height='107.0' modelSize='448819'>
    <material name='OfficeChair3_1' color='FF131313'/>
    <material name='OfficeChair3_2' color='FF3E3E3E'/>
  </pieceOfFurniture>
  <pieceOfFurniture level='level-16e9273a-e77b-47cc-8403-a084eaf0826d' catalogId='eTeks#desk' name='Biurko' creator='eTeks' model='105' x='1517.0' y='775.2147' angle='1.5707964' width='120.0' depth='49.999878' depthInPlan='49.999874' height='75.0' modelMirrored='true' modelSize='16760'>
    <material name='archwhite2'>
      <texture name='Brzoza' creator='Emmanuel Puybaret' catalogId='Puybaret#birch' width='40.0' height='80.0' image='18'/>
    </material>
    <material name='lighttan'>
      <texture name='Brzoza' creator='Emmanuel Puybaret' catalogId='Puybaret#birch' width='40.0' height='80.0' image='18'/>
    </material>
    <material name='silver' color='00000000'/>
  </pieceOfFurniture>
  <light level='level-16e9273a-e77b-47cc-8403-a084eaf0826d' catalogId='Scopia#table_lamp' name='Lampka' creator='Scopia' model='107/table_lamp.obj' x='1267.1052' y='804.7986' elevation='48.0' width='20.0' depth='20.0' height='50.100002' modelSize='952045'>
    <material name='lampshade_off_pantall_pantalla_color.jpg' color='FFFFFFFF'/>
    <material name='metal_brush_pulido2.j_pulido2.jpg' shininess='1.0'>
      <texture name='Aluminium' creator='Ola-Kristian Hoff' catalogId='OlaKristianHoff#alu_siding_greyscale2' width='6.4' height='6.4' image='108'/>
    </material>
  </light>
  <pieceOfFurniture level='level-16e9273a-e77b-47cc-8403-a084eaf0826d' catalogId='eTeks#laptop' name='Laptop' creator='eTeks' model='110' x='1517.072' y='761.8007' elevation='75.0' angle='1.8325958' width='32.49999' depth='35.500164' height='19.2' modelSize='45826'/>
  <pieceOfFurniture level='level-16e9273a-e77b-47cc-8403-a084eaf0826d' name='Obraz 2' model='112/model.dae' x='1217.8191' y='718.23816' elevation='100.0' angle='1.570799' width='90.0' depth='3.8000488' height='119.99999' modelSize='358909'/>
  <pieceOfFurniture level='level-16e9273a-e77b-47cc-8403-a084eaf0826d' name='Obraz 1' model='114/model.dae' x='1217.719' y='623.71436' elevation='100.0' angle='1.5707964' width='90.0' depth='4.0' height='119.99999' modelSize='133720'/>
  <pieceOfFurniture level='level-16e9273a-e77b-47cc-8403-a084eaf0826d' name='Quadro+Abstract+Painting-Rachel+Moya' model='118/model.dae' x='719.0234' y='837.5623' elevation='100.0' angle='3.1415927' width='119.0' depth='7.0' height='140.0' modelSize='626922'>
    <material name='Moldura' color='00000000'/>
    <material name='edge_color000255' color='00000000'/>
    <material name='edge_color255255255255' color='00000000'/>
    <material name='material' color='00000000'/>
    <material name='material_0' color='00000000'/>
  </pieceOfFurniture>
  <pieceOfFurniture level='level-16e9273a-e77b-47cc-8403-a084eaf0826d' name='61662+Oil+Painting+Abstract+Into+The+Night+210x120cm' model='120/model.dae' x='363.28607' y='701.8425' elevation='130.0' angle='3.1459363' pitch='1.5707964' width='3.4286213' depth='85.71443' depthInPlan='150.0' height='150.0' heightInPlan='85.71444' modelSize='250495'/>
  <pieceOfFurniture level='level-16e9273a-e77b-47cc-8403-a084eaf0826d' catalogId='Kator Legaz#apple-ibook-2001' name='Apple iBook' creator='Kator Legaz' model='122/apple-ibook-2001.obj' x='79.8125' y='234.49915' elevation='72.0' angle='4.45059' width='28.500044' depth='27.199852' height='22.9' modelSize='511888'/>
  <pieceOfFurniture level='level-16e9273a-e77b-47cc-8403-a084eaf0826d' catalogId='eTeks#slidingDoors' name='Drzwi przesuwne' creator='eTeks' model='68' x='809.3329' y='355.6936' width='72.4' depth='7.7000003' height='270.0' color='FF050505' shininess='0.5' modelSize='6835' movable='false'/>
  <pieceOfFurniture level='level-16e9273a-e77b-47cc-8403-a084eaf0826d' catalogId='Pastierovic#drawers' name='Kuch - Szuflady' creator='Robert Pastierovic' model='124' x='885.70135' y='305.5255' angle='4.712389' width='110.0' depth='62.0' height='86.0' modelSize='7652'>
    <material name='flltgrey' color='FF050505'/>
    <material name='grey'>
      <texture name='dab kraft zloty' width='150.0' height='112.61262' angle='1.5707964' image='35'/>
    </material>
    <material name='ltgrey' color='FF050505'/>
    <material name='white' color='FF000000'/>
  </pieceOfFurniture>
  <pieceOfFurniture level='level-16e9273a-e77b-47cc-8403-a084eaf0826d' catalogId='Pastierovic#drawers' name='Kuch - Szuflady' creator='Robert Pastierovic' model='124' x='1144.0968' y='222.0' angle='2.5431316E-7' width='100.0' depth='62.0' height='86.0' modelSize='7652'>
    <material name='flltgrey' color='FF050505'/>
    <material name='grey'>
      <texture name='dab kraft zloty' width='150.0' height='112.61262' angle='1.5707964' scale='3.2' image='35'/>
    </material>
    <material name='ltgrey' color='FF050505'/>
    <material name='white' color='FF000000'/>
  </pieceOfFurniture>
  <pieceOfFurniture level='level-16e9273a-e77b-47cc-8403-a084eaf0826d' catalogId='Pastierovic#upperCabinet' name='Kuch - Górna szafka' creator='Robert Pastierovic' model='81' x='913.7345' y='212.46646' elevation='165.0' width='40.0' depth='45.0' height='80.0' modelSize='3577'>
    <material name='flltgrey' color='00000000'/>
    <material name='grey' color='FF050505' shininess='0.0'/>
    <material name='ltgrey' color='00000000'/>
    <material name='white'>
      <texture name='dab kraft zloty' width='150.0' height='112.61262' angle='1.5707964' image='35'/>
    </material>
  </pieceOfFurniture>
  <pieceOfFurniture level='level-16e9273a-e77b-47cc-8403-a084eaf0826d' catalogId='Pastierovic#upperCabinet' name='Kuch - Górna szafka' creator='Robert Pastierovic' model='81' x='953.7345' y='212.46646' elevation='165.0' width='40.0' depth='45.0' height='80.0' modelSize='3577'>
    <material name='flltgrey' color='00000000'/>
    <material name='grey' color='FF050505' shininess='0.0'/>
    <material name='ltgrey' color='00000000'/>
    <material name='white'>
      <texture name='dab kraft zloty' width='150.0' height='112.61262' angle='1.5707964' image='35'/>
    </material>
  </pieceOfFurniture>
  <pieceOfFurniture level='level-16e9273a-e77b-47cc-8403-a084eaf0826d' catalogId='Pastierovic#upperCabinet' name='Kuch - Górna szafka' creator='Robert Pastierovic' model='81' x='993.7345' y='212.46646' elevation='165.0' width='40.0' depth='45.0' height='80.0' modelSize='3577'>
    <material name='flltgrey' color='00000000'/>
    <material name='grey' color='FF050505' shininess='0.0'/>
    <material name='ltgrey' color='00000000'/>
    <material name='white'>
      <texture name='dab kraft zloty' width='150.0' height='112.61262' angle='1.5707964' image='35'/>
    </material>
  </pieceOfFurniture>
  <pieceOfFurniture level='level-16e9273a-e77b-47cc-8403-a084eaf0826d' catalogId='Pastierovic#upperCabinet' name='Kuch - Górna szafka' creator='Robert Pastierovic' model='81' x='1093.7345' y='212.46646' elevation='165.0' width='40.0' depth='45.0' height='80.0' modelSize='3577'>
    <material name='flltgrey' color='00000000'/>
    <material name='grey' color='FF050505' shininess='0.0'/>
    <material name='ltgrey' color='00000000'/>
    <material name='white'>
      <texture name='dab kraft zloty' width='150.0' height='112.61262' angle='1.5707964' image='35'/>
    </material>
  </pieceOfFurniture>
  <pieceOfFurniture level='level-16e9273a-e77b-47cc-8403-a084eaf0826d' catalogId='Pastierovic#upperCabinet' name='Kuch - Górna szafka' creator='Robert Pastierovic' model='81' x='1133.7345' y='212.46646' elevation='165.0' width='40.0' depth='45.0' height='80.0' modelSize='3577'>
    <material name='flltgrey' color='00000000'/>
    <material name='grey' color='FF050505' shininess='0.0'/>
    <material name='ltgrey' color='00000000'/>
    <material name='white'>
      <texture name='dab kraft zloty' width='150.0' height='112.61262' angle='1.5707964' image='35'/>
    </material>
  </pieceOfFurniture>
  <pieceOfFurniture level='level-16e9273a-e77b-47cc-8403-a084eaf0826d' catalogId='Pastierovic#upperCabinet' name='Kuch - Górna szafka' creator='Robert Pastierovic' model='81' x='1173.7345' y='212.46646' elevation='165.0' width='40.0' depth='45.0' height='80.0' modelSize='3577'>
    <material name='flltgrey' color='00000000'/>
    <material name='grey' color='FF050505' shininess='0.0'/>
    <material name='ltgrey' color='00000000'/>
    <material name='white'>
      <texture name='dab kraft zloty' width='150.0' height='112.61262' angle='1.5707964' image='35'/>
    </material>
  </pieceOfFurniture>
  <pieceOfFurniture level='level-16e9273a-e77b-47cc-8403-a084eaf0826d' catalogId='eTeks#texturableBox' name='Pudło' creator='eTeks' model='8/texturableBox.obj' x='954.4908' y='390.83002' elevation='106.0' angle='1.5707943' width='60.000122' depth='200.0' height='4.0' modelSize='1661'>
    <material name='back' color='FF050505'/>
    <material name='bottom' color='FF050505'/>
    <material name='front' color='FF050505'/>
    <material name='left' color='FF050505'/>
    <material name='right' color='FF050505'/>
    <material name='top' color='FF050505'/>
  </pieceOfFurniture>
  <pieceOfFurniture level='level-16e9273a-e77b-47cc-8403-a084eaf0826d' catalogId='Pastierovic#cabinet' name='Szara szafka' creator='Robert Pastierovic' model='34' x='884.78253' y='374.4981' angle='3.1415927' width='60.0' depth='30.0' height='109.0' modelSize='6487'>
    <material name='flltgrey' color='FF050505'/>
    <material name='grey'>
      <texture name='dab kraft zloty' width='150.0' height='112.61262' angle='1.5707964' image='35'/>
    </material>
    <material name='ltgrey' color='FF050505'/>
    <material name='white' color='FF000000'/>
  </pieceOfFurniture>
  <pieceOfFurniture level='level-16e9273a-e77b-47cc-8403-a084eaf0826d' catalogId='Pastierovic#cabinet' name='Szara szafka' creator='Robert Pastierovic' model='34' x='1017.5291' y='374.3695' angle='3.1415927' width='66.0' depth='30.0' height='109.0' modelSize='6487'>
    <material name='flltgrey' color='FF050505'/>
    <material name='grey'>
      <texture name='dab kraft zloty' width='150.0' height='112.61262' angle='1.5707964' image='35'/>
    </material>
    <material name='ltgrey' color='FF050505'/>
    <material name='white' color='FF000000'/>
  </pieceOfFurniture>
  <pieceOfFurniture level='level-16e9273a-e77b-47cc-8403-a084eaf0826d' catalogId='eTeks#texturableBox' name='Pudło' creator='eTeks' model='8/texturableBox.obj' x='856.5699' y='390.5255' angle='1.5707964' width='60.0' depth='4.0' height='106.0' modelSize='1661'>
    <material name='back' color='FF050505'/>
    <material name='bottom' color='FF050505'/>
    <material name='front' color='FF050505'/>
    <material name='left' color='FF050505'/>
    <material name='right' color='FF050505'/>
    <material name='top' color='FF050505'/>
  </pieceOfFurniture>
  <pieceOfFurniture level='level-16e9273a-e77b-47cc-8403-a084eaf0826d' catalogId='eTeks#texturableBox' name='Pudło' creator='eTeks' model='8/texturableBox.obj' x='1052.3788' y='390.63165' angle='1.5707964' width='59.999878' depth='4.0' height='106.0' modelSize='1661'>
    <material name='back' color='FF050505'/>
    <material name='bottom' color='FF050505'/>
    <material name='front' color='FF050505'/>
    <material name='left' color='FF050505'/>
    <material name='right' color='FF050505'/>
    <material name='top' color='FF050505'/>
  </pieceOfFurniture>
  <furnitureGroup level='level-16e9273a-e77b-47cc-8403-a084eaf0826d' name='Lodówka zabudowa' x='1223.7689' y='220.03453' angle='1.7484555E-7' width='60.068848' depth='60.06897' height='244.5'>
    <pieceOfFurniture level='level-16e9273a-e77b-47cc-8403-a084eaf0826d' catalogId='eTeks#texturableBox' name='Lodówka - góra' creator='eTeks' model='8/texturableBox.obj' x='1223.7346' y='220.0001' elevation='82.0' angle='1.7484555E-7' width='60.0' depth='60.00004' height='114.0' modelSize='1661'>
      <material name='front'>
        <texture name='dab kraft zloty' width='150.0' height='112.61262' angle='1.5707964' image='35'/>
      </material>
      <material name='left'>
        <texture name='dab kraft zloty' width='150.0' height='112.61262' angle='1.5707964' image='35'/>
      </material>
    </pieceOfFurniture>
    <pieceOfFurniture level='level-16e9273a-e77b-47cc-8403-a084eaf0826d' catalogId='eTeks#texturableBox' name='Lodówka - dół' creator='eTeks' model='8/texturableBox.obj' x='1223.7689' y='220.03453' elevation='8.0' angle='0.0011494949' width='60.0' depth='60.00004' height='73.5' modelSize='1661'>
      <texture name='dab kraft zloty' width='150.0' height='112.61262' angle='1.5707964' image='35'/>
    </pieceOfFurniture>
    <pieceOfFurniture level='level-16e9273a-e77b-47cc-8403-a084eaf0826d' catalogId='eTeks#texturableBox' name='Lodówka - cokłół' creator='eTeks' model='8/texturableBox.obj' x='1223.7654' y='221.78456' angle='0.0011494949' width='60.00004' depth='53.500004' height='8.0' color='FF050505' modelSize='1661'/>
    <pieceOfFurniture level='level-16e9273a-e77b-47cc-8403-a084eaf0826d' catalogId='eTeks#texturableBox' name='Lodówka - nad' creator='eTeks' model='8/texturableBox.obj' x='1223.7346' y='220.00008' elevation='196.5' angle='1.7484555E-7' width='60.0' depth='60.00004' height='48.0' modelSize='1661'>
      <texture name='dab kraft zloty' width='150.0' height='112.61262' angle='1.5707964' image='35'/>
    </pieceOfFurniture>
  </furnitureGroup>
  <furnitureGroup level='level-16e9273a-e77b-47cc-8403-a084eaf0826d' name='Cargo' x='1279.0593' y='220.07484' angle='1.7484555E-7' width='50.068848' depth='60.057465' height='244.5'>
    <pieceOfFurniture level='level-16e9273a-e77b-47cc-8403-a084eaf0826d' catalogId='eTeks#texturableBox' name='Cargo - góra' creator='eTeks' model='8/texturableBox.obj' x='1279.025' y='220.04613' elevation='82.0' angle='1.7484555E-7' width='50.0' depth='60.00004' height='114.0' modelSize='1661'>
      <texture name='dab kraft zloty' width='150.0' height='112.61262' angle='1.5707964' image='35'/>
    </pieceOfFurniture>
    <pieceOfFurniture level='level-16e9273a-e77b-47cc-8403-a084eaf0826d' catalogId='eTeks#texturableBox' name='Cargo - dół' creator='eTeks' model='8/texturableBox.obj' x='1279.0593' y='220.07484' elevation='8.0' angle='0.0011494949' width='50.0' depth='60.00004' height='73.5' modelSize='1661'>
      <texture name='dab kraft zloty' width='150.0' height='112.61262' angle='1.5707964' image='35'/>
    </pieceOfFurniture>
    <pieceOfFurniture level='level-16e9273a-e77b-47cc-8403-a084eaf0826d' catalogId='eTeks#texturableBox' name='Cargo - cokłół' creator='eTeks' model='8/texturableBox.obj' x='1279.0558' y='221.82483' angle='0.0011492915' width='50.000034' depth='53.500004' height='8.0' color='FF050505' modelSize='1661'/>
    <pieceOfFurniture level='level-16e9273a-e77b-47cc-8403-a084eaf0826d' catalogId='eTeks#texturableBox' name='Cargo - nad' creator='eTeks' model='8/texturableBox.obj' x='1279.025' y='220.04613' elevation='196.5' angle='1.7484555E-7' width='50.0' depth='60.00004' height='48.0' modelSize='1661'>
      <texture name='dab kraft zloty' width='150.0' height='112.61262' angle='1.5707964' image='35'/>
    </pieceOfFurniture>
  </furnitureGroup>
  <pieceOfFurniture level='level-16e9273a-e77b-47cc-8403-a084eaf0826d' catalogId='eTeks#texturableBox' name='Cargo - cokłół' creator='eTeks' model='8/texturableBox.obj' x='1063.8608' y='222.61414' angle='0.0011494949' width='60.00004' depth='53.49999' height='12.0' color='FF050505' modelSize='1661'/>
  <doorOrWindow level='level-16e9273a-e77b-47cc-8403-a084eaf0826d' name='PortaLOFT_11_PN80' model='126/PortaLOFT_11_PN80.3DS.obj' x='-68.15021' y='-78.07083' angle='3.1415927' width='98.69995' depth='13.00075' height='211.0' modelSize='5351548' movable='false' wallCutOutOnBothSides='true'>
    <material name='4'>
      <texture name='dab kraft zloty' width='150.0' height='112.61262' image='35'/>
    </material>
  </doorOrWindow>
  <doorOrWindow level='level-16e9273a-e77b-47cc-8403-a084eaf0826d' name='porta-loft-4A-black' model='128/porta-loft-4A-black.obj' x='1227.4028' y='458.6863' angle='4.712389' width='98.70001' depth='13.000732' height='210.0' modelSize='3545017' movable='false' wallCutOutOnBothSides='true'>
    <material name='0_1'>
      <texture name='dab kraft zloty' width='150.0' height='112.61262' image='35'/>
    </material>
    <material name='1_4' color='FF151515'/>
    <material name='2_816_7' color='00000000'/>
    <material name='3_2592_9' color='00000000'/>
    <material name='3_8'>
      <texture name='dab kraft zloty' width='150.0' height='112.61262' image='35'/>
    </material>
  </doorOrWindow>
  <doorOrWindow level='level-16e9273a-e77b-47cc-8403-a084eaf0826d' name='porta-loft-4A-black' model='128/porta-loft-4A-black.obj' x='454.5233' y='276.09198' angle='1.7484555E-7' width='98.70001' depth='13.000763' height='210.0' modelSize='3545017' movable='false' wallCutOutOnBothSides='true'>
    <material name='0_1'>
      <texture name='dab kraft zloty' width='150.0' height='112.61262' image='35'/>
    </material>
    <material name='1_4' color='FF151515'/>
    <material name='2_816_7' color='00000000'/>
    <material name='3_2592_9' color='00000000'/>
    <material name='3_8'>
      <texture name='dab kraft zloty' width='150.0' height='112.61262' image='35'/>
    </material>
  </doorOrWindow>
  <doorOrWindow level='level-16e9273a-e77b-47cc-8403-a084eaf0826d' name='porta-loft-4A-black' model='128/porta-loft-4A-black.obj' x='246.26978' y='339.3477' angle='1.5707964' width='98.70001' depth='13.00075' height='210.0' modelSize='3545017' movable='false' wallCutOutOnBothSides='true'>
    <material name='0_1'>
      <texture name='dab kraft zloty' width='150.0' height='112.61262' image='35'/>
    </material>
    <material name='1_4' color='FF151515'/>
    <material name='2_816_7' color='00000000'/>
    <material name='3_2592_9' color='00000000'/>
    <material name='3_8'>
      <texture name='dab kraft zloty' width='150.0' height='112.61262' image='35'/>
    </material>
  </doorOrWindow>
  <doorOrWindow level='level-16e9273a-e77b-47cc-8403-a084eaf0826d' name='porta-loft-4A-black' model='128/porta-loft-4A-black.obj' x='312.42493' y='458.1065' angle='6.279396' width='98.700005' depth='13.00075' height='210.0' modelSize='3545017' movable='false' wallCutOutOnBothSides='true'>
    <material name='0_1'>
      <texture name='dab kraft zloty' width='150.0' height='112.61262' image='35'/>
    </material>
    <material name='1_4' color='FF151515'/>
    <material name='2_816_7' color='00000000'/>
    <material name='3_2592_9' color='00000000'/>
    <material name='3_8'>
      <texture name='dab kraft zloty' width='150.0' height='112.61262' image='35'/>
    </material>
  </doorOrWindow>
  <doorOrWindow level='level-16e9273a-e77b-47cc-8403-a084eaf0826d' name='porta-loft-4A-black' model='128/porta-loft-4A-black.obj' x='1310.5446' y='311.13843' angle='1.5707964' width='92.0' depth='13.00075' height='210.0' modelMirrored='true' modelSize='3545017' movable='false' wallCutOutOnBothSides='true'>
    <material name='0_1'>
      <texture name='dab kraft zloty' width='150.0' height='112.61262' image='35'/>
    </material>
    <material name='1_4' color='FF151515'/>
    <material name='2_816_7' color='00000000'/>
    <material name='3_2592_9' color='00000000'/>
    <material name='3_8'>
      <texture name='dab kraft zloty' width='150.0' height='112.61262' image='35'/>
    </material>
  </doorOrWindow>
  <pieceOfFurniture level='level-16e9273a-e77b-47cc-8403-a084eaf0826d' catalogId='eTeks#texturableBox' name='Łaz2 - Geberit' creator='eTeks' model='8/texturableBox.obj' x='1525.256' y='267.2694' angle='1.5707982' width='23.0' depth='32.5' height='120.0' modelSize='1661'/>
  <wall id='wall-d9b0a905-f589-4d09-862b-f0ad0b9c4d62' level='level-16e9273a-e77b-47cc-8403-a084eaf0826d' wallAtStart='wall-2bbe99d6-4bc8-4bc4-841a-57a4227a0fb4' xStart='1227.4028' yStart='396.5' xEnd='1227.4028' yEnd='862.1345' height='270.0' thickness='13.0' pattern='hatchUp' leftSideColor='FFE6E6E6' rightSideColor='FFFFFFFF'>
    <baseboard attribute='rightSideBaseboard' thickness='1.0' height='7.0' color='FFFFFFFF'/>
  </wall>
  <wall id='wall-94b86143-43df-4264-84f7-357c93f6d9e5' level='level-16e9273a-e77b-47cc-8403-a084eaf0826d' wallAtStart='wall-b500fc93-6663-424c-a755-f9973067966e' wallAtEnd='wall-d12888ff-6d3f-47d3-b58c-872c7ed801e1' xStart='564.58936' yStart='275.22308' xEnd='357.73566' yEnd='275.22308' height='270.0' thickness='13.0' pattern='hatchUp' leftSideColor='FFFFFFFF'>
    <baseboard attribute='leftSideBaseboard' thickness='1.0' height='7.0' color='FFFFFFFF'/>
  </wall>
  <wall id='wall-6da1c44d-dbdc-4740-ad03-dcd0589ea750' level='level-16e9273a-e77b-47cc-8403-a084eaf0826d' wallAtStart='wall-94e04050-566c-4dfd-b4d3-a608eb1b2525' wallAtEnd='wall-12022749-8bfd-461a-bb6c-4d9a063ce939' xStart='1246.6238' yStart='867.0' xEnd='1553.0' yEnd='867.0' height='270.0' thickness='42.0' pattern='hatchUp' leftSideColor='FFFFFFFF'/>
  <wall id='wall-00cbf3df-9907-4f88-9945-f188a863de55' level='level-16e9273a-e77b-47cc-8403-a084eaf0826d' wallAtStart='wall-d39f039c-3d17-47eb-9d51-be041518cab5' wallAtEnd='wall-67b3b7e8-0a06-4879-b6be-6216b82adcd1' xStart='1553.0' yStart='179.0' xEnd='1313.1294' yEnd='179.0' height='270.0' thickness='22.0' pattern='hatchUp' leftSideColor='FFFFFFFF'/>
  <wall id='wall-a1ddc4dc-3743-4d5f-8e49-7aa44b2bcdb0' level='level-16e9273a-e77b-47cc-8403-a084eaf0826d' wallAtStart='wall-4e2b7d53-f240-4dda-8cc3-4399ca5522f4' wallAtEnd='wall-c6be317c-54f1-4119-a946-32bc87cacf10' xStart='809.5368' yStart='176.83893' xEnd='809.5368' yEnd='170.9964' height='270.0' thickness='22.0' pattern='hatchUp' leftSideColor='FFFFFFFF'>
    <baseboard attribute='leftSideBaseboard' thickness='1.0' height='7.0' color='FFFFFFFF'/>
  </wall>
  <wall id='wall-c6be317c-54f1-4119-a946-32bc87cacf10' level='level-16e9273a-e77b-47cc-8403-a084eaf0826d' wallAtStart='wall-a1ddc4dc-3743-4d5f-8e49-7aa44b2bcdb0' wallAtEnd='wall-8613b548-e088-4500-a0ce-23fa764b2b5c' xStart='809.5368' yStart='170.9964' xEnd='809.5368' yEnd='11.045288' height='270.0' thickness='22.0' pattern='hatchUp' leftSideColor='FFFFFFFF'>
    <baseboard attribute='leftSideBaseboard' thickness='1.0' height='7.0' color='FFFFFFFF'/>
  </wall>
  <wall id='wall-8613b548-e088-4500-a0ce-23fa764b2b5c' level='level-16e9273a-e77b-47cc-8403-a084eaf0826d' wallAtStart='wall-c6be317c-54f1-4119-a946-32bc87cacf10' wallAtEnd='wall-2eb165cc-da60-46fa-941a-f71624c70234' xStart='809.5368' yStart='11.045288' xEnd='580.4891' yEnd='11.045288' height='270.0' thickness='22.0' pattern='hatchUp' leftSideColor='FFFFFFFF'>
    <baseboard attribute='leftSideBaseboard' thickness='1.0' height='7.0' color='FFFFFFFF'/>
  </wall>
  <wall id='wall-273769cf-18fc-4028-b247-3721d13aa39e' level='level-16e9273a-e77b-47cc-8403-a084eaf0826d' wallAtEnd='wall-9f322898-b950-40a4-8b83-970116f29452' xStart='1553.0562' yStart='396.5' xEnd='1330.2913' yEnd='396.5' height='270.0' thickness='13.0' pattern='hatchUp' leftSideColor='FFFFFFFF' rightSideColor='FFFFFFFF'/>
  <wall id='wall-4f7f88ce-a0b6-4267-8b33-e651b8fbbfb1' level='level-16e9273a-e77b-47cc-8403-a084eaf0826d' xStart='1310.5446' yStart='393.92523' xEnd='1310.5446' yEnd='179.0' height='270.0' thickness='13.0' pattern='hatchUp' leftSideColor='FFFFFFFF' leftSideShininess='0.25' rightSideColor='FFFFFFFF' rightSideShininess='0.25'>
    <baseboard attribute='leftSideBaseboard' thickness='1.0' height='7.0' color='FFFFFFFF'/>
  </wall>
  <wall id='wall-47c10ff0-d4a2-45f5-8d54-ac634f6d3498' level='level-16e9273a-e77b-47cc-8403-a084eaf0826d' wallAtStart='wall-76403dd0-97d1-4474-a02e-8fbf666154e4' wallAtEnd='wall-68d784f0-cd6c-469a-8942-622ae7911aa3' xStart='21.0' yStart='867.0' xEnd='361.48907' yEnd='867.0' height='270.0' thickness='42.0' pattern='hatchUp'>
    <baseboard attribute='leftSideBaseboard' thickness='1.0' height='7.0' color='FFFFFFFF'/>
  </wall>
  <wall id='wall-67b3b7e8-0a06-4879-b6be-6216b82adcd1' level='level-16e9273a-e77b-47cc-8403-a084eaf0826d' wallAtStart='wall-00cbf3df-9907-4f88-9945-f188a863de55' wallAtEnd='wall-4e2b7d53-f240-4dda-8cc3-4399ca5522f4' xStart='1313.1294' yStart='179.0' xEnd='820.8038' yEnd='179.0' height='270.0' thickness='22.0' pattern='hatchUp' leftSideColor='FFFFFFFF' leftSideShininess='0.25'>
    <baseboard attribute='leftSideBaseboard' thickness='1.0' height='7.0' color='FFFFFFFF'/>
  </wall>
  <wall id='wall-4e2b7d53-f240-4dda-8cc3-4399ca5522f4' level='level-16e9273a-e77b-47cc-8403-a084eaf0826d' wallAtStart='wall-67b3b7e8-0a06-4879-b6be-6216b82adcd1' wallAtEnd='wall-a1ddc4dc-3743-4d5f-8e49-7aa44b2bcdb0' xStart='820.8038' yStart='179.0' xEnd='809.5368' yEnd='176.83893' height='270.0' thickness='22.0' pattern='hatchUp' leftSideColor='FFFFFFFF'/>
  <wall id='wall-9310b214-5c1c-4775-a4bb-b87666d95011' level='level-16e9273a-e77b-47cc-8403-a084eaf0826d' wallAtStart='wall-3f6a3d49-48bf-46e6-8108-11890d72dc61' wallAtEnd='wall-89fa190b-d779-46a7-b156-e690a04481d4' xStart='246.26978' yStart='275.1643' xEnd='246.26978' yEnd='398.71375' height='270.0' thickness='13.0' pattern='hatchUp' leftSideColor='FFFFFFFF'>
    <baseboard attribute='leftSideBaseboard' thickness='1.0' height='7.0' color='FFFFFFFF'/>
    <baseboard attribute='rightSideBaseboard' thickness='1.0' height='7.0' color='FFFFFFFF'/>
  </wall>
  <wall id='wall-3f6a3d49-48bf-46e6-8108-11890d72dc61' level='level-16e9273a-e77b-47cc-8403-a084eaf0826d' wallAtEnd='wall-9310b214-5c1c-4775-a4bb-b87666d95011' xStart='361.48907' yStart='275.1643' xEnd='246.26978' yEnd='275.1643' height='270.0' thickness='13.0' pattern='hatchUp' topColor='FFFFFFFF' leftSideColor='FFFFFFFF'>
    <baseboard attribute='leftSideBaseboard' thickness='1.0' height='7.0' color='FFFFFFFF'/>
    <baseboard attribute='rightSideBaseboard' thickness='1.0' height='7.0' color='FFFFFFFF'/>
  </wall>
  <wall id='wall-89fa190b-d779-46a7-b156-e690a04481d4' level='level-16e9273a-e77b-47cc-8403-a084eaf0826d' wallAtStart='wall-9310b214-5c1c-4775-a4bb-b87666d95011' xStart='246.26978' yStart='398.71375' xEnd='21.489075' yEnd='398.71375' height='270.0' thickness='13.0' pattern='hatchUp'>
    <baseboard attribute='leftSideBaseboard' thickness='1.0' height='7.0' color='FFFFFFFF'/>
    <baseboard attribute='rightSideBaseboard' thickness='1.0' height='7.0' color='FFFFFFFF'/>
  </wall>
  <wall id='wall-12022749-8bfd-461a-bb6c-4d9a063ce939' level='level-16e9273a-e77b-47cc-8403-a084eaf0826d' wallAtStart='wall-6da1c44d-dbdc-4740-ad03-dcd0589ea750' wallAtEnd='wall-d39f039c-3d17-47eb-9d51-be041518cab5' xStart='1553.0' yStart='867.0' xEnd='1553.0' yEnd='376.2154' height='270.0' thickness='22.0' pattern='hatchUp' leftSideColor='FFE6E6E6'/>
  <wall id='wall-d39f039c-3d17-47eb-9d51-be041518cab5' level='level-16e9273a-e77b-47cc-8403-a084eaf0826d' wallAtStart='wall-12022749-8bfd-461a-bb6c-4d9a063ce939' wallAtEnd='wall-00cbf3df-9907-4f88-9945-f188a863de55' xStart='1553.0' yStart='376.2154' xEnd='1553.0' yEnd='179.0' height='270.0' thickness='22.0' pattern='hatchUp' leftSideColor='FFFFFFFF'/>
  <wall id='wall-a3b53c00-d3e0-4e3a-b36f-8ee3dd6fbfb6' level='level-16e9273a-e77b-47cc-8403-a084eaf0826d' wallAtStart='wall-f1d9f0eb-fe49-48cd-b29c-91f3109ed6a1' wallAtEnd='wall-68e2c9e4-42b7-4611-8549-18ce17a26161' xStart='361.6795' yStart='11.045288' xEnd='21.0' yEnd='11.045288' height='270.0' thickness='22.0' pattern='hatchUp'>
    <baseboard attribute='leftSideBaseboard' thickness='1.0' height='7.0' color='FFFFFFFF'/>
  </wall>
  <wall id='wall-f1d9f0eb-fe49-48cd-b29c-91f3109ed6a1' level='level-16e9273a-e77b-47cc-8403-a084eaf0826d' wallAtStart='wall-0698612f-8a58-4f6a-a145-26cec6cbb0a6' wallAtEnd='wall-a3b53c00-d3e0-4e3a-b36f-8ee3dd6fbfb6' xStart='492.57062' yStart='11.045288' xEnd='361.6795' yEnd='11.045288' height='270.0' thickness='22.0' pattern='hatchUp'/>
  <wall id='wall-58d381e4-73f4-45f5-8249-2027b2ea12b3' level='level-16e9273a-e77b-47cc-8403-a084eaf0826d' xStart='809.45624' yStart='178.88284' xEnd='809.45624' yEnd='288.38284' height='270.0' thickness='88.0' pattern='crossHatch' leftSideColor='FFFFFFFF' rightSideColor='FFFFFFFF'>
    <baseboard attribute='leftSideBaseboard' thickness='1.0' height='7.0' color='FFFFFFFF'/>
    <baseboard attribute='rightSideBaseboard' thickness='1.0' height='7.0' color='FFFFFFFF'/>
  </wall>
  <wall id='wall-b49284c9-3bbc-4dcc-afee-6d05381391fa' level='level-16e9273a-e77b-47cc-8403-a084eaf0826d' xStart='636.1691' yStart='275.22314' xEnd='567.6691' yEnd='275.22314' height='270.0' thickness='13.0' pattern='hatchUp' leftSideColor='FFFFFFFF' rightSideColor='FFFFFFFF'>
    <baseboard attribute='leftSideBaseboard' thickness='1.0' height='7.0' color='FFFFFFFF'/>
    <baseboard attribute='rightSideBaseboard' thickness='1.0' height='7.0' color='FFFFFFFF'/>
  </wall>
  <wall id='wall-96fec926-0a17-467f-a18c-8f2cdc4585f3' level='level-16e9273a-e77b-47cc-8403-a084eaf0826d' xStart='374.74158' yStart='19.222885' xEnd='374.74158' yEnd='105.222885' height='270.0' thickness='40.0' pattern='crossHatch' leftSideColor='FFFFFFFF' rightSideColor='FFFFFFFF'/>
  <wall id='wall-a83f0ef5-65a1-40c0-9165-0fdbe6fcb390' level='level-16e9273a-e77b-47cc-8403-a084eaf0826d' xStart='570.55743' yStart='151.50037' xEnd='570.55743' yEnd='191.30037' height='270.0' thickness='24.0' pattern='crossHatch' leftSideColor='FFFFFFFF' rightSideColor='FFFFFFFF'>
    <baseboard attribute='leftSideBaseboard' thickness='1.0' height='7.0' color='FFFFFFFF'/>
  </wall>
  <wall id='wall-25dd2e2d-4a59-4048-9bb7-2ab004510f46' level='level-16e9273a-e77b-47cc-8403-a084eaf0826d' xStart='351.6444' yStart='165.96475' xEnd='351.6444' yEnd='206.16475' height='270.0' thickness='24.0' pattern='crossHatch' leftSideColor='FFFFFFFF' rightSideColor='FFFFFFFF'>
    <baseboard attribute='rightSideBaseboard' thickness='1.0' height='7.0' color='FFFFFFFF'/>
  </wall>
  <wall id='wall-d12888ff-6d3f-47d3-b58c-872c7ed801e1' level='level-16e9273a-e77b-47cc-8403-a084eaf0826d' wallAtStart='wall-94b86143-43df-4264-84f7-357c93f6d9e5' xStart='357.73566' yStart='275.22308' xEnd='357.73566' yEnd='11.045288' height='270.0' thickness='13.0' pattern='hatchUp'>
    <baseboard attribute='leftSideBaseboard' thickness='1.0' height='7.0' color='FFFFFFFF'/>
  </wall>
  <wall id='wall-5cabfc96-41a2-490c-a78e-986060a8ecb1' level='level-16e9273a-e77b-47cc-8403-a084eaf0826d' xStart='1531.6091' yStart='189.47632' xEnd='1531.6091' yEnd='255.76941' height='270.0' thickness='45.0' pattern='crossHatch' leftSideColor='FFFFFFFF' rightSideColor='FFFFFFFF'/>
  <wall id='wall-b500fc93-6663-424c-a755-f9973067966e' level='level-16e9273a-e77b-47cc-8403-a084eaf0826d' wallAtEnd='wall-94b86143-43df-4264-84f7-357c93f6d9e5' xStart='564.58936' yStart='18.064087' xEnd='564.58936' yEnd='275.22308' height='270.0' thickness='13.0' pattern='hatchUp' leftSideColor='FFFFFFFF'>
    <baseboard attribute='leftSideBaseboard' thickness='1.0' height='7.0' color='FFFFFFFF'/>
  </wall>
  <wall id='wall-7a763a02-a6a2-44de-aebc-c1b6d3581e68' level='level-16e9273a-e77b-47cc-8403-a084eaf0826d' xStart='849.5267' yStart='288.4288' xEnd='849.5267' yEnd='360.72882' height='270.0' thickness='8.0' pattern='hatchUp' leftSideColor='FFFFFFFF' rightSideColor='FFFFFFFF'>
    <baseboard attribute='leftSideBaseboard' thickness='1.0' height='7.0' color='FFFFFFFF'/>
    <baseboard attribute='rightSideBaseboard' thickness='1.0' height='7.0' color='FFFFFFFF'/>
  </wall>
  <wall id='wall-4fe03301-81e2-4bca-9869-4706e4b94eed' level='level-16e9273a-e77b-47cc-8403-a084eaf0826d' wallAtEnd='wall-c24244f6-977e-4639-8464-70ceea24f8fe' xStart='246.26978' yStart='401.00098' xEnd='246.26978' yEnd='458.35718' height='270.0' thickness='13.0' pattern='hatchUp' leftSideColor='FFFFFFFF' rightSideColor='FFFFFFFF'>
    <baseboard attribute='leftSideBaseboard' thickness='1.0' height='7.0' color='FFFFFFFF'/>
    <baseboard attribute='rightSideBaseboard' thickness='1.0' height='7.0' color='FFFFFFFF'/>
  </wall>
  <wall id='wall-c24244f6-977e-4639-8464-70ceea24f8fe' level='level-16e9273a-e77b-47cc-8403-a084eaf0826d' wallAtStart='wall-4fe03301-81e2-4bca-9869-4706e4b94eed' xStart='246.26978' yStart='458.35718' xEnd='375.83124' yEnd='457.8662' height='270.0' thickness='13.0' pattern='hatchUp' leftSideColor='FFFFFFFF' rightSideColor='FFFFFFFF'>
    <baseboard attribute='leftSideBaseboard' thickness='1.0' height='7.0' color='FFFFFFFF'/>
    <baseboard attribute='rightSideBaseboard' thickness='1.0' height='7.0' color='FFFFFFFF'/>
  </wall>
  <wall id='wall-7b137c4d-6368-4e38-8a87-7f31646e7453' level='level-16e9273a-e77b-47cc-8403-a084eaf0826d' xStart='769.4679' yStart='288.32108' xEnd='769.4679' yEnd='360.6211' height='270.0' thickness='8.0' pattern='hatchUp' leftSideColor='FFFFFFFF' rightSideColor='FFFFFFFF'>
    <baseboard attribute='leftSideBaseboard' thickness='1.0' height='7.0' color='FFFFFFFF'/>
    <baseboard attribute='rightSideBaseboard' thickness='1.0' height='7.0' color='FFFFFFFF'/>
  </wall>
  <wall id='wall-392e63fe-b813-4342-ac6c-e07ff5dc214a' level='level-16e9273a-e77b-47cc-8403-a084eaf0826d' wallAtEnd='wall-20b4f168-44a5-4763-82b4-035d04765588' xStart='379.54565' yStart='392.1227' xEnd='379.54565' yEnd='457.85214' height='270.0' thickness='13.0' pattern='hatchUp' leftSideColor='FFFFFFFF' rightSideColor='FFFFFFFF'>
    <baseboard attribute='leftSideBaseboard' thickness='1.0' height='7.0' color='FFFFFFFF'/>
    <baseboard attribute='rightSideBaseboard' thickness='1.0' height='7.0' color='FFFFFFFF'/>
  </wall>
  <wall id='wall-20b4f168-44a5-4763-82b4-035d04765588' level='level-16e9273a-e77b-47cc-8403-a084eaf0826d' wallAtStart='wall-392e63fe-b813-4342-ac6c-e07ff5dc214a' xStart='379.54565' yStart='457.85214' xEnd='379.54565' yEnd='863.5227' height='270.0' thickness='13.0' pattern='hatchUp' leftSideColor='FFFFFFFF' rightSideColor='FFFFFFFF'>
    <baseboard attribute='leftSideBaseboard' thickness='1.0' height='7.0' color='FFFFFFFF'/>
    <baseboard attribute='rightSideBaseboard' thickness='1.0' height='7.0' color='FFFFFFFF'/>
  </wall>
  <wall id='wall-9f322898-b950-40a4-8b83-970116f29452' level='level-16e9273a-e77b-47cc-8403-a084eaf0826d' wallAtStart='wall-273769cf-18fc-4028-b247-3721d13aa39e' wallAtEnd='wall-2bbe99d6-4bc8-4bc4-841a-57a4227a0fb4' xStart='1330.2913' yStart='396.5' xEnd='1310.5446' yEnd='396.5' height='270.0' thickness='13.0' pattern='hatchUp' leftSideColor='FFFFFFFF' rightSideColor='FFFFFFFF'/>
  <wall id='wall-2bbe99d6-4bc8-4bc4-841a-57a4227a0fb4' level='level-16e9273a-e77b-47cc-8403-a084eaf0826d' wallAtStart='wall-9f322898-b950-40a4-8b83-970116f29452' wallAtEnd='wall-d9b0a905-f589-4d09-862b-f0ad0b9c4d62' xStart='1310.5446' yStart='396.5' xEnd='1227.4028' yEnd='396.5' height='270.0' thickness='13.0' pattern='hatchUp' leftSideColor='FFFFFFFF' rightSideColor='FFFFFFFF'>
    <baseboard attribute='rightSideBaseboard' thickness='1.0' height='7.0' color='FFFFFFFF'/>
  </wall>
  <wall id='wall-94e04050-566c-4dfd-b4d3-a608eb1b2525' level='level-16e9273a-e77b-47cc-8403-a084eaf0826d' wallAtStart='wall-8c6333eb-5711-426b-ac40-deb2a56efeb6' wallAtEnd='wall-6da1c44d-dbdc-4740-ad03-dcd0589ea750' xStart='1227.4028' yStart='867.0' xEnd='1246.6238' yEnd='867.0' height='270.0' thickness='42.0' pattern='hatchUp' leftSideColor='FFFFFFFF'/>
  <wall id='wall-2eb165cc-da60-46fa-941a-f71624c70234' level='level-16e9273a-e77b-47cc-8403-a084eaf0826d' wallAtStart='wall-8613b548-e088-4500-a0ce-23fa764b2b5c' wallAtEnd='wall-0698612f-8a58-4f6a-a145-26cec6cbb0a6' xStart='580.4891' yStart='11.045288' xEnd='564.58936' yEnd='11.045288' height='270.0' thickness='22.0' pattern='hatchUp'>
    <baseboard attribute='leftSideBaseboard' thickness='1.0' height='7.0' color='FFFFFFFF'/>
  </wall>
  <wall id='wall-0698612f-8a58-4f6a-a145-26cec6cbb0a6' level='level-16e9273a-e77b-47cc-8403-a084eaf0826d' wallAtStart='wall-2eb165cc-da60-46fa-941a-f71624c70234' wallAtEnd='wall-f1d9f0eb-fe49-48cd-b29c-91f3109ed6a1' xStart='564.58936' yStart='11.045288' xEnd='492.57062' yEnd='11.045288' height='270.0' thickness='22.0' pattern='hatchUp'/>
  <wall id='wall-68d784f0-cd6c-469a-8942-622ae7911aa3' level='level-16e9273a-e77b-47cc-8403-a084eaf0826d' wallAtStart='wall-47c10ff0-d4a2-45f5-8d54-ac634f6d3498' wallAtEnd='wall-8c6333eb-5711-426b-ac40-deb2a56efeb6' xStart='361.48907' yStart='867.0' xEnd='379.54565' yEnd='867.0' height='270.0' thickness='42.0' pattern='hatchUp' leftSideColor='FFFFFFFF'>
    <baseboard attribute='leftSideBaseboard' thickness='1.0' height='7.0' color='FFFFFFFF'/>
  </wall>
  <wall id='wall-8c6333eb-5711-426b-ac40-deb2a56efeb6' level='level-16e9273a-e77b-47cc-8403-a084eaf0826d' wallAtStart='wall-68d784f0-cd6c-469a-8942-622ae7911aa3' wallAtEnd='wall-94e04050-566c-4dfd-b4d3-a608eb1b2525' xStart='379.54565' yStart='867.0' xEnd='1227.4028' yEnd='867.0' height='270.0' thickness='42.0' pattern='hatchUp' leftSideColor='FFFFFFFF'>
    <baseboard attribute='leftSideBaseboard' thickness='1.0' height='7.0' color='FFFFFFFF'/>
  </wall>
  <wall id='wall-68e2c9e4-42b7-4611-8549-18ce17a26161' level='level-16e9273a-e77b-47cc-8403-a084eaf0826d' wallAtStart='wall-a3b53c00-d3e0-4e3a-b36f-8ee3dd6fbfb6' wallAtEnd='wall-76403dd0-97d1-4474-a02e-8fbf666154e4' xStart='21.0' yStart='11.045288' xEnd='21.0' yEnd='398.71375' height='270.0' thickness='42.0' pattern='hatchUp'>
    <baseboard attribute='leftSideBaseboard' thickness='1.0' height='7.0' color='FFFFFFFF'/>
  </wall>
  <wall id='wall-76403dd0-97d1-4474-a02e-8fbf666154e4' level='level-16e9273a-e77b-47cc-8403-a084eaf0826d' wallAtStart='wall-68e2c9e4-42b7-4611-8549-18ce17a26161' wallAtEnd='wall-47c10ff0-d4a2-45f5-8d54-ac634f6d3498' xStart='21.0' yStart='398.71375' xEnd='21.0' yEnd='867.0' height='270.0' thickness='42.0' pattern='hatchUp'>
    <baseboard attribute='leftSideBaseboard' thickness='1.0' height='7.0' color='FFFFFFFF'/>
  </wall>
  <room id='room-63ece024-65d1-4ff6-9f62-6029444a258f' level='level-16e9273a-e77b-47cc-8403-a084eaf0826d' areaVisible='true' areaXOffset='225.09027' areaYOffset='-14.794678'>
    <texture attribute='floorTexture' name='panele dab solar' width='150.0' height='150.0' image='129'/>
    <point x='636.1691' y='281.72314'/>
    <point x='567.6691' y='281.72314'/>
    <point x='567.6691' y='281.72308'/>
    <point x='504.97095' y='281.72308'/>
    <point x='504.97095' y='275.1982'/>
    <point x='405.51175' y='275.1981'/>
    <point x='405.51175' y='281.72308'/>
    <point x='351.23566' y='281.72308'/>
    <point x='351.23566' y='281.6643'/>
    <point x='252.76978' y='281.6643'/>
    <point x='252.76978' y='290.0809'/>
    <point x='246.24478' y='290.0809'/>
    <point x='246.24478' y='389.54007'/>
    <point x='252.76978' y='389.54007'/>
    <point x='252.76978' y='405.21375'/>
    <point x='252.76978' y='451.83252'/>
    <point x='263.48584' y='451.7919'/>
    <point x='263.5106' y='458.3155'/>
    <point x='362.9277' y='457.93875'/>
    <point x='362.90298' y='451.41516'/>
    <point x='373.04565' y='451.37674'/>
    <point x='373.04565' y='392.1227'/>
    <point x='386.04565' y='392.1227'/>
    <point x='386.04565' y='846.0'/>
    <point x='1220.9026' y='846.0'/>
    <point x='1220.9026' y='510.08655'/>
    <point x='1227.4275' y='510.08655'/>
    <point x='1227.4275' y='410.62735'/>
    <point x='1220.9026' y='410.62735'/>
    <point x='1220.9026' y='390.0'/>
    <point x='1054.4026' y='390.0'/>
    <point x='853.5267' y='390.00003'/>
    <point x='853.5267' y='360.72882'/>
    <point x='845.5821' y='360.76288'/>
    <point x='844.95074' y='288.95383'/>
    <point x='773.4679' y='289.06195'/>
    <point x='772.8298' y='360.76288'/>
    <point x='765.4679' y='360.6211'/>
    <point x='765.4679' y='281.72314'/>
  </room>
  <room id='room-f568111a-8e1f-4cbe-b36a-35079b6fdb13' level='level-16e9273a-e77b-47cc-8403-a084eaf0826d' areaVisible='true'>
    <texture attribute='floorTexture' name='torino-ivory-60x60cm-fuga' width='60.0' height='60.0' yOffset='0.5' image='130'/>
    <point x='1304.0447' y='390.0'/>
    <point x='1304.0447' y='190.0'/>
    <point x='853.45624' y='190.00006'/>
    <point x='853.45624' y='390.00006'/>
  </room>
  <room id='room-8b3722f5-216e-4241-8d9c-eeee8e90ea34' level='level-16e9273a-e77b-47cc-8403-a084eaf0826d' areaVisible='true'>
    <texture attribute='floorTexture' name='torino-ivory-60x60cm-fuga' width='60.0' height='60.0' image='130'/>
    <point x='798.5368' y='22.045288'/>
    <point x='798.5368' y='178.88284'/>
    <point x='765.45624' y='178.88284'/>
    <point x='765.4679' y='281.72314'/>
    <point x='636.1691' y='281.72314'/>
    <point x='636.1691' y='268.72314'/>
    <point x='571.08936' y='268.72314'/>
    <point x='571.08936' y='22.045288'/>
  </room>
  <room id='room-54462b7c-7305-43a1-a69b-5393f7c60bea' level='level-16e9273a-e77b-47cc-8403-a084eaf0826d' areaVisible='true' areaXOffset='-44.550446' areaYOffset='-90.996704'>
    <texture attribute='floorTexture' name='panele dab solar' width='150.0' height='150.0' image='129'/>
    <point x='42.0' y='405.21375'/>
    <point x='42.0' y='846.0'/>
    <point x='373.04565' y='846.0'/>
    <point x='373.04565' y='464.3768'/>
    <point x='362.15817' y='464.41806'/>
    <point x='362.13345' y='457.8945'/>
    <point x='262.71625' y='458.27124'/>
    <point x='262.74094' y='464.7948'/>
    <point x='239.76978' y='464.88184'/>
    <point x='239.76978' y='405.21375'/>
  </room>
  <room id='room-e7c1e1d4-7227-444c-86d2-af1a61b30772' level='level-16e9273a-e77b-47cc-8403-a084eaf0826d' areaVisible='true' areaXOffset='-28.436432' areaYOffset='118.48517'>
    <texture attribute='floorTexture' name='panele dab solar' width='150.0' height='150.0' image='129'/>
    <point x='42.0' y='22.045288'/>
    <point x='42.0' y='392.21375'/>
    <point x='239.76978' y='392.21375'/>
    <point x='239.76978' y='389.0773'/>
    <point x='246.29477' y='389.0773'/>
    <point x='246.29477' y='289.61807'/>
    <point x='239.76978' y='289.61807'/>
    <point x='239.76978' y='268.6643'/>
    <point x='351.23566' y='268.6643'/>
    <point x='351.23566' y='206.16475'/>
    <point x='339.6444' y='206.16475'/>
    <point x='339.6444' y='165.96475'/>
    <point x='351.23566' y='165.96475'/>
    <point x='351.23566' y='22.045288'/>
  </room>
</home>